symbol,label,market,code,payout_method,gate_note,fiscal_years,base_eps,f1_revenue,analysts,forecast_source,forecast_method,payout_ratio,payout_detail,payout_years,forecast_dividend_payout,close,ttm_pe,ttm_pb,historical_neutral_roe,historical_bear_roe,historical_bear_roa,base_pr,bear_pr,revenue_growth_ttm,profit_growth_ttm,base_eps_f1,base_eps_f2,base_eps_f3,bear_eps_f1,bear_eps_f2,bear_eps_f3,base_pe_f1,bear_pe_f1,base_pe_f3,bear_pe_f3,base_eps_cagr_to_f3,bear_eps_cagr_to_f3,payout_adjustment,adjustment_status,adjusted_base_pr,adjusted_bear_pr,adjusted_base_pe_f1,adjusted_bear_pe_f1,screen_metric
NYSE:DECK,Deckers,US,DECK,total_payout,HOKA集中度待核,"['F1', 'F2', 'F3']","[7.534283, 8.287711300000002, 9.033605317000003]",5886966705.0,,https://www.tradingview.com/markets/stocks-usa/stock-screener/,F1 analyst consensus; F2-F3 conservative fade model,0.7005100510051006,"{""profit"": 2749725000.0, ""dividend"": 0.0, ""repurchase"": 2057033000.0, ""issuance"": 10757000.0, ""sbc"": 120066000.0}","2026-03-31,2025-03-31,2024-03-31",,87.76,12.45387977521712,5.213138105984239,40.769394859258334,40.2452085601375,27.6455738545625,0.3054712933122912,0.3094499996591537,7.484361821074422,2.543375613462683,7.534283,8.287711300000002,9.033605317000003,6.0274264,6.215783475000001,6.323523721900002,11.648089141329043,14.560111426661303,9.714836648314462,13.878338069020659,0.0863165318786816,-0.03545520418577519,1.0,applied,0.3054712933122912,0.3094499996591537,11.648089141329043,14.560111426661303,0.3449052038449289
SSE:601717,中创智领,A,601717,cyclical,煤机与汽零分部待拆,"['2026', '2027', '2028']","[2.43, 2.81, 3.19]",,7.0,https://basic.10jqka.com.cn/,Tonghuashun broker consensus mean,0.4929361179361179,"{""cash_dividend_per_share"": 3.21, ""eps"": 6.5120000000000005}","2025,2024,2023",,15.05,6.166263776785349,1.086608863407129,18.2675,17.830000000000002,8.114900789814286,0.3375537855089831,0.3458364428931771,11.69459466263261,9.140089976672494,2.43,2.81,3.19,1.8225000000000002,1.9669999999999999,2.0735,6.193415637860082,8.257887517146775,4.717868338557994,7.258258982396914,0.0933488705142218,-0.052898452580274036,1.0,not_mechanical,0.3375537855089831,0.3458364428931771,6.193415637860082,8.257887517146775,0.39873489547345115
NASDAQ:LULU,Lululemon,US,LULU,total_payout,品牌修复待证,"['F1', 'F2', 'F3']","[10.844788, 11.71237104, 12.649360723200001]",11025596326.0,,https://www.tradingview.com/markets/stocks-usa/stock-screener/,F1 analyst consensus; F2-F3 conservative fade model,0.6327089319980284,"{""profit"": 4943989000.0, ""dividend"": 0.0, ""repurchase"": 3373880000.0, ""issuance"": 0.0, ""sbc"": 245774000.0}","2026-02-01,2025-02-02,2024-01-28",,120.81,9.755408231655617,2.864630386565047,38.81220052205833,32.0270239581901,18.2891926216691,0.2513490114045782,0.3045992735507015,4.220022614174371,-19.256242646314487,10.844788,11.71237104,12.649360723200001,8.133591,8.4329071488,8.85455250624,11.13991347733123,14.853217969774976,9.550680278919092,13.64382896988442,0.00709486222057798,-0.10579644169993574,1.0,applied,0.2513490114045782,0.3045992735507015,11.13991347733123,14.853217969774976,0.4103957152506372
SZSE:002847,盐津铺子,A,002847,dividend,品牌与渠道待核,"['2026', '2027', '2028']","[3.17603125, 3.7914375, 4.437483870968]",,32.0,https://data.eastmoney.com/report/profitforecast.jshtml,Eastmoney broker consensus mean,0.5784061696658098,"{""cash_dividend_per_share"": 4.5, ""eps"": 7.779999999999999}","2025,2024,2023",,45.42,15.429037298729536,5.842897830332127,38.69166666666667,37.44584590495,19.198646413515,0.3987690019055662,0.4120360196400306,1.837936822751901,15.536413454631331,3.17603125,3.7914375,4.437483870968,2.540825,2.8435781249999996,3.1062387096776,14.300866844430452,17.876083555538067,10.235530160945014,14.622185944207164,0.14659355300382115,0.018065004084359515,1.0,applied,0.3987690019055662,0.4120360196400306,14.300866844430452,17.876083555538067,0.4120360196400306
NASDAQ:PDD,PDD,US,PDD,reinvestment,治理/竞争条件通过,"['F1', 'F2', 'F3']","[10.294782303199998, 11.838999648679996, 13.259679606521598]",69604379662.24507,,https://www.tradingview.com/markets/stocks-usa/stock-screener/,F1 analyst consensus; F2-F3 conservative fade model,0.0,"{""profit"": 270303595000.0, ""dividend"": 0.0, ""repurchase"": 0.0, ""issuance"": 0.0, ""sbc"": 24899329000.0}","2025-12-31,2024-12-31,2023-12-31",,85.69,9.5049526915355,1.8482470339938115,32.748702235918,22.9436193816255,15.1072366213241,0.2902390642249845,0.4142743362953268,13.529529753296712,-1.594457918651893,10.294782303199998,11.838999648679996,13.259679606521598,8.235825842559999,8.879249736509998,9.281775724565117,8.323633999852953,10.404542499816191,6.462448757649808,9.232069653785443,0.13723691627405188,0.009757208889145552,1.0,not_mechanical,0.2902390642249845,0.4142743362953268,8.323633999852953,10.404542499816191,0.4142743362953268
SZSE:000651,格力电器,A,000651,dividend,收入利润下滑,"['2026', '2027', '2028']","[5.238695652174, 5.522608695652, 5.814545454545]",,22.0,https://data.eastmoney.com/report/profitforecast.jshtml,Eastmoney broker consensus mean,0.5156923076923077,"{""cash_dividend_per_share"": 8.379999999999999, ""eps"": 16.25}","2025,2024,2023",,39.0,7.795478622399008,1.4709964756433158,24.99328571428571,19.6322235112199,6.96422965064431,0.2354859086909989,0.3816564906055001,-12.915115176127786,-14.148026898616642,5.238695652174,5.522608695652,5.814545454545,4.4528913043479,4.4180869565216,4.36090909090875,7.444601211718691,8.758354366727872,6.707317073171256,8.943089430895007,0.05139195424785603,-0.044747014399096896,1.0,applied,0.2354859086909989,0.3816564906055001,7.444601211718691,8.758354366727872,0.426403505004597
HKEX:6110,滔搏,HK,06110,dividend,渠道与品牌议价待核,"['2027', '2028', '2029']","[0.18, 0.205, 0.22]",,13.0,https://www.etnet.com.hk/www/eng/stocks/realtime/quote_profit.php?code=6110,median of current broker forecasts,1.0,"{""profit"": 4765800000.0, ""dividend"": 6015300000.0, ""repurchase"": 0.0, ""issuance"": 0.0}","2026-02-28,2025-02-28,2024-02-29",1.0,1.125,5.049371633752244,0.7091662096484427,16.126748239330084,14.006670712264778,8.740793371549668,0.3131053798829564,0.3604976326980272,-3.552403351753338,-0.6077116410583117,0.18,0.205,0.22,0.135,0.14759999999999998,0.154,6.25,8.333333333333332,5.113636363636363,7.305194805194805,-0.0042067805047864,-0.11583121550205189,1.0,applied,0.3131053798829564,0.3604976326980272,6.25,8.333333333333332,0.4763288482000791
SSE:605499,东鹏饮料,A,605499,reinvestment,单品依赖待核,"['2026', '2027', '2028']","[7.630095238095, 8.807952380952, 9.94715]",,42.0,https://data.eastmoney.com/report/profitforecast.jshtml,Eastmoney broker consensus mean,0.6253939982188779,"{""cash_dividend_per_share"": 12.5, ""eps"": 19.9874}","2025,2024,2023",,120.81,17.149549293775287,4.510212096821161,46.1025,34.7901112009922,16.7155232750374,0.3719874040187688,0.4929432158091575,20.743504365935337,23.582905520871936,7.630095238095,8.807952380952,9.94715,6.485580952380749,7.046361904761601,7.4603625000000005,15.833354136502567,18.627475454708904,12.14518731495956,16.193583086612747,0.12188798741827722,0.01930288239437794,1.0,not_mechanical,0.3719874040187688,0.4929432158091575,15.833354136502567,18.627475454708904,0.4929432158091575
NASDAQ:ADBE,Adobe,US,ADBE,total_payout,AI替代条件通过,"['F1', 'F2', 'F3']","[24.40247, 26.842717000000004, 29.258561530000005]",26524309379.0,,https://www.tradingview.com/markets/stocks-usa/stock-screener/,F1 analyst consensus; F2-F3 conservative fade model,1.0301909703057732,"{""profit"": 18118000000.0, ""dividend"": 0.0, ""repurchase"": 25181000000.0, ""issuance"": 1023000000.0, ""sbc"": 5493000000.0}","2025-11-28,2024-11-29,2023-12-01",,291.52,16.67362544969944,10.098669180248704,42.005208337206,33.55414014024167,17.997433223033333,0.3969418581583565,0.4969170832574149,11.49064200699084,5.2409375454942495,24.40247,26.842717000000004,29.258561530000005,19.521976000000002,20.132037750000002,20.480993071000004,11.946331662327625,14.932914577909528,9.96357936807975,14.233684811542503,0.18723917625452957,0.05415441562198575,1.0,applied,0.3969418581583565,0.4969170832574149,11.946331662327625,14.932914577909528,0.4969170832574149
SSE:600809,山西汾酒,A,600809,dividend,白酒去库存,"['2026', '2027', '2028']","[9.649382352941, 10.316970588235, 11.279454545455]",,34.0,https://data.eastmoney.com/report/profitforecast.jshtml,Eastmoney broker consensus mean,0.593300833903703,"{""cash_dividend_per_share"": 16.990000000000002, ""eps"": 28.6364}","2025,2024,2023",,119.03,13.223645473431615,3.2252863752447145,37.94166666666667,26.3289610340015,18.2283615746556,0.3485256878567524,0.5022471436056462,-0.2061888136557139,-13.040326498371096,9.649382352941,10.316970588235,11.279454545455,7.7195058823528,7.737727941176249,7.8956181818185,12.335504558353549,15.419380697941936,10.552815255411668,15.075450364873811,0.07810473644976512,-0.04274649020860166,1.0,applied,0.3485256878567524,0.5022471436056462,12.335504558353549,15.419380697941936,0.5449936338142478
SSE:603605,珀莱雅,A,603605,reinvestment,品牌持续性待核,"['2026', '2027', '2028']","[4.434617647059, 4.533264705882, 4.977470588235]",,34.0,https://data.eastmoney.com/report/profitforecast.jshtml,Eastmoney broker consensus mean,0.41674418604651164,"{""cash_dividend_per_share"": 4.48, ""eps"": 10.75}","2025,2024,2023",,61.35,13.240530916154096,3.578983230407182,29.078333333333337,27.3525,19.083680895525,0.4553400899691899,0.4840702281749053,-4.744642787298599,13.23970257740186,4.434617647059,4.533264705882,4.977470588235,3.76942500000015,3.6266117647056,3.7331029411762495,13.834338128493847,16.275691915875115,12.325537421559044,16.434049895412063,0.02415693869346147,-0.06949166820409403,1.0,not_mechanical,0.4553400899691899,0.4840702281749053,13.834338128493847,16.275691915875115,0.5535618963789993
NASDAQ:CHKP,Check Point,US,CHKP,total_payout,低增长但防守,"['F1', 'F2', 'F3']","[10.443949, 11.17502543, 11.8455269558]",2801847314.0,,https://www.tradingview.com/markets/stocks-usa/stock-screener/,F1 analyst consensus; F2-F3 conservative fade model,0.984870028072478,"{""profit"": 2742900000.0, ""dividend"": 0.0, ""repurchase"": 3987500000.0, ""issuance"": 785500000.0, ""sbc"": 500600000.0}","2025-12-31,2024-12-31,2023-12-31",,138.32,14.167631182718605,5.267429032323172,31.201150162546,25.13751862065,13.787182863608331,0.4540740039681451,0.5636050000209711,4.640775228998736,22.200209765745218,10.443949,11.17502543,11.8455269558,9.3995541,9.7222721241,10.06869791243,13.244032501499193,14.715591668332436,11.676981574236637,13.737625381454865,0.06656881795641634,0.010326764023033785,1.0,applied,0.4540740039681451,0.5636050000209711,13.244032501499193,14.715591668332436,0.5636050000209711
HKEX:3998,波司登,HK,03998,dividend,季节/暖冬风险,"['2027', '2028', '2029']","[0.37, 0.39, 0.42]",,11.0,https://www.etnet.com.hk/www/eng/stocks/realtime/quote_profit.php?code=3998,median of current broker forecasts,0.7989130434782609,"{""profit"": 10582363000.0, ""dividend"": 7540171000.0, ""repurchase"": 390687000.0, ""issuance"": 841372000.0}","2026-03-31,2025-03-31,2024-03-31",0.7989130434782609,4.415,11.67989417989418,2.4795152168663197,22.95048758985125,22.6902973751023,14.0336271808393,0.5089170386540742,0.5147528032272658,8.077352320679388,16.446029820440586,0.37,0.39,0.42,0.3145,0.31200000000000006,0.315,11.932432432432433,14.038155802861684,10.511904761904763,14.015873015873016,0.03574416865128627,-0.05896397111897145,1.0,applied,0.5089170386540742,0.5147528032272658,11.932432432432433,14.038155802861684,0.5737167743462372
HKEX:1999,敏华控股,HK,01999,dividend,地产链与海外需求,"['2027', '2028', '2029']","[0.45, 0.48, 0.511]",,5.0,https://www.etnet.com.hk/www/eng/stocks/realtime/quote_profit.php?code=1999,median of current broker forecasts,0.5469256543978418,"{""profit"": 5590933631.26, ""dividend"": 3039526771.37, ""repurchase"": 207899111.5, ""issuance"": 7662376.95}","2026-03-31,2025-03-31,2024-03-31",0.5111111111111111,3.115,6.667380136986302,0.8517957440292264,16.0318212094605,13.478910261337202,8.49589861527141,0.4158841375458847,0.4946527581024826,-2.8007114157473696,-12.129930083966157,0.45,0.48,0.511,0.36000000000000004,0.36,0.35769999999999996,6.9222222222222225,8.652777777777777,6.095890410958904,8.708414872798436,0.03032132495213924,-0.08517357249425717,1.0,applied,0.4158841375458847,0.4946527581024826,6.9222222222222225,8.652777777777777,0.5798263305967397
HKEX:322,康师傅,HK,00322,dividend,ROA偏低,"['2026', '2027', '2028']","[0.8, 0.855, 0.9]",,14.0,https://www.etnet.com.hk/www/eng/stocks/realtime/quote_profit.php?code=322,median of current broker forecasts,1.0,"{""profit"": 11352588000.0, ""dividend"": 10959347000.0, ""repurchase"": 0.0, ""issuance"": 20138000.0}","2025-12-31,2024-12-31,2023-12-31",1.0,12.85,13.893393880419504,4.855634614439939,27.409587605210085,24.97565624650443,6.409417323255143,0.5068808068377728,0.5562774304424538,3.527495131736362,17.29880393984028,0.8,0.855,0.9,0.7200000000000001,0.74385,0.765,16.0625,17.847222222222218,14.277777777777777,16.797385620915033,-0.009055701315514808,-0.061309941035720295,1.0,applied,0.5068808068377728,0.5562774304424538,16.0625,17.847222222222218,0.6175873714781741
SSE:600519,贵州茅台,A,600519,dividend,渠道库存待核,"['2026', '2027', '2028']","[67.656739130435, 71.522173913044, 75.208837209302]",,45.0,https://data.eastmoney.com/report/profitforecast.jshtml,Eastmoney broker consensus mean,0.6935973476443573,"{""cash_dividend_per_share"": 134.41223, ""eps"": 193.79}","2025,2024,2023",,1297.4,19.94490324246878,6.455055543877238,34.108333333333334,33.152499999999996,28.7193055572125,0.5847516220611418,0.6016108360596872,-4.702317582417921,-9.452899828088526,67.656739130435,71.522173913044,75.208837209302,60.8910652173915,60.7938478260874,60.1670697674416,19.176212402119333,21.306902669021483,17.25063234775733,21.56329043469666,0.04956410984203985,-0.025670989519290255,1.0,applied,0.5847516220611418,0.6016108360596872,19.176212402119333,21.306902669021483,0.6272818255789775
HKEX:1361,361度,HK,01361,dividend,治理与库存待核,"['2026', '2027', '2028']","[0.6837000000000001, 0.752, 0.85]",,5.0,https://www.etnet.com.hk/www/eng/stocks/realtime/quote_profit.php?code=1361,median of current broker forecasts,0.45198275579451197,"{""profit"": 3418926000.0, ""dividend"": 1343579000.0, ""repurchase"": 0.0, ""issuance"": 289000.0}","2025-12-31,2024-12-31,2023-12-31",0.45198275579451197,4.565,6.125872249060656,0.7542774055500938,12.579021997729669,11.95214539022443,8.189103401195572,0.4869911389109811,0.5125332774207182,13.070118241531627,18.224686344318812,0.6837000000000001,0.752,0.85,0.5469600000000001,0.5640000000000001,0.595,6.676905075325435,8.346131344156793,5.370588235294118,7.672268907563026,0.04483735997746696,-0.07228472690583287,1.1062368941954024,applied,0.5387275650095655,0.5669832209856859,7.386238733365529,9.23279841670691,0.6392679478915188
HKEX:6690,海尔智家H,HK,06690,dividend,低增长,"['2026', '2027', '2028']","[2.1919999999999997, 2.408, 2.571]",,13.0,https://www.etnet.com.hk/www/eng/stocks/realtime/quote_profit.php?code=6690,median of current broker forecasts,0.6453299275593732,"{""profit"": 54881000000.0, ""dividend"": 24401000000.0, ""repurchase"": 3595000000.0, ""issuance"": 0.0}","2025-12-31,2024-12-31,2023-12-31",0.5798245614035087,21.28,9.7965196574901,1.4427627279063395,17.158651646141085,15.1372927277349,5.78729124627148,0.5709376155843399,0.6471777902227317,0.5890393739793509,-8.946596767986561,2.1919999999999997,2.408,2.571,1.9727999999999999,2.09496,2.18535,9.708029197080293,10.786699107866992,8.276935044729678,9.737570640858443,0.05779316327407158,0.0020138650819367943,1.0,applied,0.5709376155843399,0.6471777902227317,9.708029197080293,10.786699107866992,0.6471777902227317
HKEX:1882,海天国际,HK,01882,cyclical,十年周期PB,"['2026', '2027', '2028']","[2.083, 2.2365, 2.383]",,6.0,https://www.etnet.com.hk/www/eng/stocks/realtime/quote_profit.php?code=1882,median of current broker forecasts,0.3512166528797436,"{""profit"": 8872997000.0, ""dividend"": 2802863000.0, ""repurchase"": 0.0, ""issuance"": 0.0}","2025-12-31,2024-12-31,2023-12-31",0.3512166528797436,17.75,7.998017392871626,1.0551972178462088,15.639588644366068,14.017008583516304,9.01325015859404,0.4314028258084987,0.537060187204724,7.743758989509695,0.3293853329564221,2.083,2.2365,2.383,1.5622500000000001,1.5655499999999998,1.54895,8.521363418146903,11.361817890862538,7.448594208980277,11.459375706123502,0.02400641279212845,-0.11296560111959952,1.0,not_mechanical,0.4314028258084987,0.537060187204724,8.521363418146903,11.361817890862538,0.6500257883243236
SZSE:300628,亿联网络,A,300628,reinvestment,科技硬闸门待核,"['2026', '2027', '2028']","[2.483333333333, 2.947777777778, 3.48375]",,9.0,https://data.eastmoney.com/report/profitforecast.jshtml,Eastmoney broker consensus mean,0.8883779264214046,"{""cash_dividend_per_share"": 5.1, ""eps"": 5.7408}","2025,2024,2023",,40.2,17.659462308908804,5.5210831211424525,28.7796,26.575714285714284,23.73669212916429,0.6136104153257447,0.6644962434142968,20.59785435142559,14.131107312377456,2.483333333333,2.947777777778,3.48375,1.9866666666664,2.2108333333335,2.438625,16.187919463089422,20.23489932886178,11.539289558665232,16.48469936952176,0.15238996624380463,0.02321166259589469,1.0,not_mechanical,0.6136104153257447,0.6644962434142968,16.187919463089422,20.23489932886178,0.6644962434142968
NASDAQ:GOOGL,Alphabet,US,GOOGL,reinvestment,AI/监管条件通过,"['F1', 'F2', 'F3']","[20.569198, 23.448885720000003, 26.262752006400007]",497660225963.0,,https://www.tradingview.com/markets/stocks-usa/stock-screener/,F1 analyst consensus; F2-F3 conservative fade model,0.38110251141030377,"{""profit"": 306083000000.0, ""dividend"": 17412000000.0, ""repurchase"": 169435000000.0, ""issuance"": 0.0, ""sbc"": 70198000000.0}","2025-12-31,2024-12-31,2023-12-31",,346.59,17.411945562237193,6.809780982401139,31.475594804726,25.72186933985625,18.057333790706252,0.5531887695930952,0.6769315764798337,20.23118740133723,111.2993519247575,20.569198,23.448885720000003,26.262752006400007,17.4838183,18.759108576000003,19.697064004800005,16.849952049661827,19.823472999602153,13.197017582755187,17.596023443673584,0.09679089150605935,-0.0034993425068091666,1.0,not_mechanical,0.5531887695930952,0.6769315764798337,16.849952049661827,19.823472999602153,0.6804309189866429
HKEX:2020,安踏体育,HK,02020,dividend,库存折扣待核,"['2026', '2027', '2028']","[5.118, 5.62, 6.237]",,19.0,https://www.etnet.com.hk/www/eng/stocks/realtime/quote_profit.php?code=2020,median of current broker forecasts,0.46278434940855323,"{""profit"": 39420000000.0, ""dividend"": 18952000000.0, ""repurchase"": 3916000000.0, ""issuance"": 10497000000.0}","2025-12-31,2024-12-31,2023-12-31",0.46278434940855323,77.4,12.18552221417551,2.6505905269127403,24.02696219074267,22.261719205152,11.925217075540624,0.5071603358526307,0.5473756138005473,16.637270096937968,11.792863489284937,5.118,5.62,6.237,4.3503,4.496,4.67775,15.123094958968347,17.791876422315703,12.40981240981241,16.54641654641655,-0.0060612029309417,-0.09694667191550455,1.0804168305151396,applied,0.5479445626248929,0.5913938257636665,16.339246323148068,19.22264273311537,0.688340497679171
SSE:603444,吉比特,A,603444,reinvestment,游戏流水波动,"['2026', '2027', '2028']","[27.167586206897, 29.815172413793, 32.158148148148]",,29.0,https://data.eastmoney.com/report/profitforecast.jshtml,Eastmoney broker consensus mean,0.7982185680027407,"{""cash_dividend_per_share"": 46.6, ""eps"": 58.379999999999995}","2025,2024,2022",,388.08,12.428900845503458,4.597758888728027,28.8942,22.468571428571423,19.476177706,0.4301521013041876,0.5531682726254082,74.27627798657514,109.04808114480116,27.167586206897,29.815172413793,32.158148148148,19.017310344827898,19.37986206896545,19.2948888888888,14.284669865204242,20.406671236006062,12.067859076093896,20.113098460156497,0.009874713149499392,-0.14823867906747812,1.0,not_mechanical,0.4301521013041876,0.5531682726254082,14.284669865204242,20.406671236006062,0.7014069516928864
SZSE:002668,TCL智家,A,002668,dividend,家电盈利承压,"['2026', '2027', '2028']","[1.073333333333, 1.18, 1.286666666667]",,9.0,https://data.eastmoney.com/report/profitforecast.jshtml,Eastmoney broker consensus mean,0.14779083094555873,"{""cash_dividend_per_share"": 0.51579, ""eps"": 3.49}","2025,2017,2016",,9.35,10.171888598781548,2.6478400987771793,47.876666666666665,28.90820095028,6.05686233298588,0.212460250618566,0.3518686139022091,0.6009284337096154,-9.280770751900558,1.073333333333,1.18,1.286666666667,0.9123333333330499,0.944,0.9650000000002499,8.711180124226308,10.248447204972127,7.26683937823646,9.689119170981947,0.11862712154659638,0.01634018913143076,2.0,applied,0.424920501237132,0.7037372278044182,17.422360248452616,20.496894409944254,0.7037372278044182
NYSE:GAP,Gap,US,GAP,total_payout,品牌转型待证,"['F1', 'F2', 'F3']","[2.42362, 2.544801, 2.6720410500000003]",15539101379.0,,https://www.tradingview.com/markets/stocks-usa/stock-screener/,F1 analyst consensus; F2-F3 conservative fade model,0.3209990749306198,"{""profit"": 2162000000.0, ""dividend"": 694000000.0, ""repurchase"": 230000000.0, ""issuance"": 84000000.0, ""sbc"": 368000000.0}","2026-01-31,2025-02-01,2024-02-03",,23.48,7.014818355640536,2.0859225987681684,24.427210701008335,22.2356274527625,5.838934018874999,0.2871723031132232,0.3154765194075525,1.054991428194646,40.26996625421822,2.42362,2.544801,2.6720410500000003,1.696534,1.65412065,1.6032246300000002,9.687987390762578,13.839981986803684,8.787290150351545,14.64548358391924,-0.07234358043580347,-0.21758427356269194,1.5576368876080693,applied,0.4473101724285221,0.4913978638034067,15.090366526533641,21.557666466476633,0.7089821373660987
SZSE:000333,美的集团,A,000333,dividend,稳健低增长,"['2026', '2027', '2028']","[6.183741935484, 6.692419354839, 7.225766666667]",,31.0,https://data.eastmoney.com/report/profitforecast.jshtml,Eastmoney broker consensus mean,0.6679035250463822,"{""cash_dividend_per_share"": 10.8, ""eps"": 16.17}","2025,2024,2023",,86.23,14.796067194015,3.0842030716845623,20.8625,20.406666666666663,7.237077089911112,0.7092183196651888,0.7250604636073996,5.398082370725765,1.1973150206955316,6.183741935484,6.692419354839,7.225766666667,5.5653677419356,5.82240483870993,6.14190166666695,13.944631082547076,15.494034536163417,11.93368177771162,14.0396256208372,0.0742959719879297,0.01764645160092937,1.0,applied,0.7092183196651888,0.7250604636073996,13.944631082547076,15.494034536163417,0.7250604636073996
HKEX:151,中国旺旺,HK,00151,dividend,成熟品牌,"['2027', '2028', '2029']","[0.32, 0.331, 0.34299999999999997]",,8.0,https://www.etnet.com.hk/www/eng/stocks/realtime/quote_profit.php?code=151,median of current broker forecasts,0.32790695629563554,"{""profit"": 12163109000.0, ""dividend"": 0.0, ""repurchase"": 334980000.0, ""issuance"": 0.0}","2026-03-31,2025-03-31,2024-03-31",0.30036630036630035,3.15,8.806262230919765,1.6463787507382572,23.400120154641,20.2897950586787,13.6967055420816,0.3763340603690532,0.434024208004654,5.79956317923007,-9.740338289237712,0.32,0.331,0.34299999999999997,0.28800000000000003,0.28797,0.29155,9.84375,10.937499999999998,9.183673469387756,10.804321728691477,-0.013890687940079638,-0.06588997029238919,1.5248227901246725,applied,0.5738427519508866,0.6618100038313077,15.009974340289745,16.677749266988602,0.7276999741236969
NASDAQ:MSFT,Microsoft,US,MSFT,reinvestment,质量高/价格一般,"['F1', 'F2', 'F3']","[19.723885, 22.485228900000003, 25.183456368000005]",390636922968.0,,https://www.tradingview.com/markets/stocks-usa/stock-screener/,F1 analyst consensus; F2-F3 conservative fade model,0.2751261132408863,"{""profit"": 323717000000.0, ""dividend"": 72298000000.0, ""repurchase"": 57945000000.0, ""issuance"": 6067000000.0, ""sbc"": 35113000000.0}","2026-06-30,2025-06-30,2024-06-30",,513.53,28.61624706052805,8.621381455795126,36.3950160469,33.725053655051724,18.83486164184827,0.7862682907915761,0.8485159831981937,17.78868679984666,31.34279990572708,19.723885,22.485228900000003,25.183456368000005,17.7514965,19.562149143000003,21.405937912800002,26.035945758150586,28.92882862016732,20.391561527373575,23.990072385145385,0.11957724806994396,0.06053996617266755,1.0,not_mechanical,0.7862682907915761,0.8485159831981937,26.035945758150586,28.92882862016732,0.8485159831981937
HKEX:700,腾讯,HK,00700,total_payout,质量高/价格一般,"['2026', '2027', '2028']","[25.616999999999997, 27.3, 30.18]",,19.0,https://www.etnet.com.hk/www/eng/stocks/realtime/quote_profit.php?code=700,median of current broker forecasts,0.6151490862046463,"{""profit"": 534131000000.0, ""dividend"": 92939000000.0, ""repurchase"": 232077000000.0, ""issuance"": 6662000000.0}","2025-12-31,2024-12-31,2023-12-31",0.19312714776632303,455.2,16.014917233978924,3.123577209551751,21.5513540969935,19.03232767211177,10.224910348751845,0.7431049186933952,0.8414586754643636,15.9724417340515,17.0773973819533,25.616999999999997,27.3,30.18,23.0553,23.751,25.653,17.769449974626227,19.74383330514025,15.082836315440689,17.744513312283164,0.020188820717810696,-0.03360753420186746,1.0,applied,0.7431049186933952,0.8414586754643636,17.769449974626227,19.74383330514025,0.875066209666231
HKEX:9961,携程,HK,09961,reinvestment,恢复性利润待正常化,"['2026', '2027', '2028']","[20.67, 27.908, 30.955]",,17.0,https://www.etnet.com.hk/www/eng/stocks/realtime/quote_profit.php?code=9961,median of current broker forecasts,0.2357852651835631,"{""profit"": 60279000000.0, ""dividend"": 1423000000.0, ""repurchase"": 8185000000.0, ""issuance"": 0.0}","2025-12-31,2024-12-31,2023-12-31",0.1,348.8,7.028474591298636,1.2842015776755105,15.263016786154331,10.993557962276714,6.293741526729143,0.460490523582103,0.6393266506999952,19.462330160959834,87.33605161616605,20.67,27.908,30.955,16.536,20.931,21.668499999999998,16.87469762941461,21.093372036768262,11.26796963333872,16.09709947619817,-0.1455792167656238,-0.24135636739415023,1.0,not_mechanical,0.460490523582103,0.6393266506999952,16.87469762941461,21.093372036768262,0.8806830180941454
NASDAQ:META,Meta,US,META,reinvestment,资本开支压力,"['F1', 'F2', 'F3']","[31.398633, 35.79444162, 40.08977461440001]",254122887348.0,,https://www.tradingview.com/markets/stocks-usa/stock-screener/,F1 analyst consensus; F2-F3 conservative fade model,0.21862570715679736,"{""profit"": 161916000000.0, ""dividend"": 10396000000.0, ""repurchase"": 76147000000.0, ""issuance"": 0.0, ""sbc"": 51144000000.0}","2025-12-31,2024-12-31,2023-12-31",,578.02,21.772884279994123,5.6381182914322485,29.944181721058,23.87286699200625,16.36165914955,0.7271156875421485,0.912034750048442,27.65206594930762,-4.767365432754835,31.398633,35.79444162,40.08977461440001,25.1189064,26.845831215,28.06284223008,18.409081694734926,23.011352118418657,14.418140425074345,20.597343464391923,0.1472786306831586,0.01867328729734785,1.0,not_mechanical,0.7271156875421485,0.912034750048442,18.409081694734926,23.011352118418657,0.912034750048442
HKEX:1910,新秀丽,HK,01910,dividend,旅行消费与杠杆,"['F1', 'F2', 'F3']","[1.3528032619775738, 1.4339714576962284, 1.5200097451580021]",27621313816.356934,,https://www.tradingview.com/markets/stocks-hong-kong/stock-screener/,F1 analyst consensus; F2-F3 conservative fade model,0.18678813252497997,"{""profit"": 7326757870.0, ""dividend"": 383378460.0, ""repurchase"": 1434427360.0, ""issuance"": 449254400.0}","2025-12-31,2024-12-31,2023-12-31",,12.55,8.579436696745967,1.334308636751219,24.09617613919792,17.723640066972,5.01604210284121,0.3560497170664999,0.4840674186751144,1.2738061782196628,-10.986337786593156,1.3528032619775738,1.4339714576962284,1.5200097451580021,1.0146024464831804,1.0324594495412844,1.0640068216106013,9.277032627533721,12.369376836711627,8.256526012400961,11.795037160572804,0.012870230530209525,-0.10066846906627647,2.0,applied,0.7120994341329998,0.9681348373502288,18.554065255067442,24.738753673423254,1.0688033064165052
