symbol,label,market,code,payout_method,gate_note,fiscal_years,base_eps,f1_revenue,analysts,forecast_source,forecast_method,payout_ratio,payout_detail,payout_years,forecast_dividend_payout,close,ttm_pe,ttm_pb,historical_neutral_roe,historical_bear_roe,historical_bear_roa,base_pr,bear_pr,revenue_growth_ttm,profit_growth_ttm,base_eps_f1,base_eps_f2,base_eps_f3,bear_eps_f1,bear_eps_f2,bear_eps_f3,base_pe_f1,bear_pe_f1,base_pe_f3,bear_pe_f3,base_eps_cagr_to_f3,bear_eps_cagr_to_f3,payout_adjustment,adjustment_status,adjusted_base_pr,adjusted_bear_pr,market_pr_factor,market_normalized_bear_pr,adjusted_base_pe_f1,adjusted_bear_pe_f1,screen_metric
NYSE:MUSA,Murphy USA,US,MUSA,total_payout,高ROE、回购与燃油毛利复核,"['F1', 'F2', 'F3']","[34.906, 37.34942, 39.59038520000001]",23182536613.0,,https://www.tradingview.com/markets/stocks-usa/stock-screener/,F1 analyst consensus; F2-F3 conservative fade model,1.0069285574220537,"{""profit"": 1529900000.0, ""dividend"": 111700000.0, ""repurchase"": 1428800000.0, ""issuance"": 0.0, ""sbc"": 0.0}","2025-12-31,2024-12-31,2023-12-31",,524.74,15.976689877329568,12.32260453748198,66.76620235456666,62.2614428895,10.73571607425,0.2392930751472761,0.256606482854639,10.265769303825085,25.83078491335372,34.906,37.34942,39.59038520000001,27.9248,28.012065,27.713269640000004,15.032945625393916,18.791182031742395,13.254228200841045,18.934611715487208,0.06425113132815574,-0.05504716163464052,1.0,applied,0.2392930751472761,0.256606482854639,1.0,0.256606482854639,15.032945625393916,18.791182031742395,0.3116536444892795
SSE:600132,重庆啤酒,A,600132,dividend,高ROE与销量停滞复核,"['2026', '2027', '2028']","[2.522, 2.621724137931, 2.738571428571]",,30.0,https://data.eastmoney.com/report/profitforecast.jshtml,Eastmoney broker consensus mean,1.013157894736842,"{""cash_dividend_per_share"": 7.699999999999999, ""eps"": 7.6}","2025,2024,2023",,39.98,16.65416979088561,12.215653024122703,69.63333333333333,63.61,20.52777435505,0.2391695039380413,0.2618168494086718,-1.1255032737281108,7.749430700026232,2.522,2.621724137931,2.738571428571,2.1437,2.0973793103448,2.05392857142825,15.852498017446472,18.64999766758408,14.598852373502545,19.465136498003393,0.04488402733457719,-0.05065985840447962,1.0,applied,0.2391695039380413,0.2618168494086718,1.0,0.2618168494086718,15.852498017446472,18.64999766758408,0.3124767078131514
NYSE:DECK,Deckers,US,DECK,total_payout,HOKA集中度待核,"['F1', 'F2', 'F3']","[7.534283, 8.287711300000002, 9.033605317000003]",5886984097.0,,https://www.tradingview.com/markets/stocks-usa/stock-screener/,F1 analyst consensus; F2-F3 conservative fade model,0.7005100510051006,"{""profit"": 2749725000.0, ""dividend"": 0.0, ""repurchase"": 2057033000.0, ""issuance"": 10757000.0, ""sbc"": 120066000.0}","2026-03-31,2025-03-31,2024-03-31",,84.925,12.051569506726455,5.0447328355824,40.63289511686666,40.04045894655,27.45442178145,0.2965963776901504,0.300984799470308,7.484361821074422,2.543375613462683,7.534283,8.287711300000002,9.033605317000003,6.0274264,6.215783475000001,6.323523721900002,11.271809142289982,14.089761427862477,9.401008458957447,13.430012084224925,0.0863165318786816,-0.03545520418577519,1.0,applied,0.2965963776901504,0.300984799470308,1.0,0.300984799470308,11.271809142289982,14.089761427862477,0.3364400036560832
NASDAQ:OMAB,OMA Airport,US,OMAB,dividend,墨西哥特许权与汇率,"['F1', 'F2', 'F3']","[7.384285, 7.9750278, 8.533279746000002]",1010935306.0,,https://www.tradingview.com/markets/stocks-usa/stock-screener/,F1 analyst consensus; F2-F3 conservative fade model,0.5710829344902987,"{""profit"": 21761067000.0, ""dividend"": 12427374000.0, ""repurchase"": 0.0, ""issuance"": 0.0, ""sbc"": 0.0}","2025-12-31,2024-12-31,2023-12-31",,99.8,15.96391323821102,9.240963208373534,51.35815377623333,49.254893182550006,18.5762837914,0.3108350293853151,0.3241081688888264,13.972101284123989,14.664879841322534,7.384285,7.9750278,8.533279746000002,5.907428,5.9812708500000005,5.973295822200001,13.515187997213,16.89398499651625,11.695385944282622,16.70769420611803,0.10928106617020639,-0.015064902290175097,1.0,applied,0.3108350293853151,0.3241081688888264,1.0,0.3241081688888264,13.515187997213,16.89398499651625,0.3391730711790015
NASDAQ:LULU,Lululemon,US,LULU,total_payout,品牌修复待证,"['F1', 'F2', 'F3']","[10.106991, 10.915550280000001, 11.788794302400003]",10570915380.0,,https://www.tradingview.com/markets/stocks-usa/stock-screener/,F1 analyst consensus; F2-F3 conservative fade model,0.6327089319980284,"{""profit"": 4943989000.0, ""dividend"": 0.0, ""repurchase"": 3373880000.0, ""issuance"": 0.0, ""sbc"": 245774000.0}","2026-02-01,2025-02-02,2024-01-28",,101.35,8.307104685092291,2.362462602112114,39.47828557523333,30.8979519751313,17.715835759045,0.2104221235560377,0.26885615887352,1.741731226859486,-20.59487610247795,10.106991,10.915550280000001,11.788794302400003,7.5802432500000005,7.8591962016000005,8.252156011680002,10.02771250117864,13.370283334904851,8.597147206085937,12.281638865837053,-0.011374579098377802,-0.12219553255698667,1.0,applied,0.2104221235560377,0.26885615887352,1.0,0.26885615887352,10.02771250117864,13.370283334904851,0.39105169143050666
NASDAQ:PDD,PDD,US,PDD,reinvestment,治理/竞争条件通过,"['F1', 'F2', 'F3']","[10.19870876304, 11.728515077496, 13.135936886795522]",69539733496.26073,,https://www.tradingview.com/markets/stocks-usa/stock-screener/,F1 analyst consensus; F2-F3 conservative fade model,0.0,"{""profit"": 270303595000.0, ""dividend"": 0.0, ""repurchase"": 0.0, ""issuance"": 0.0, ""sbc"": 24899329000.0}","2025-12-31,2024-12-31,2023-12-31",,81.895,9.084001641653632,1.7663927045037136,37.07066319716667,22.9436193816255,15.1072366213241,0.2450455659058165,0.3959271416840446,13.529529753296712,-1.594457918651893,10.19870876304,11.728515077496,13.135936886795522,8.158967010432,8.796386308122,9.195155820756865,8.029938093416934,10.037422616771167,6.234423985572153,8.90631997938879,0.13368819219963668,0.006606282582392042,1.0,not_mechanical,0.2450455659058165,0.3959271416840446,1.0,0.3959271416840446,8.029938093416934,10.037422616771167,0.3959271416840446
SZSE:002847,盐津铺子,A,002847,dividend,品牌与渠道待核,"['2026', '2027', '2028']","[3.16634375, 3.7839375, 4.425870967742]",,32.0,https://data.eastmoney.com/report/profitforecast.jshtml,Eastmoney broker consensus mean,0.5784061696658098,"{""cash_dividend_per_share"": 4.5, ""eps"": 7.779999999999999}","2025,2024,2023",,45.45,15.439228208438074,5.846757075926798,38.86666666666667,37.44584590495,19.198646413515,0.3972357171982352,0.4123081702474546,1.837936822751901,15.536413454631331,3.16634375,3.7839375,4.425870967742,2.533075,2.837953125,3.0981096774193997,14.35409531893055,17.942619148663187,10.269165172519202,14.670235960741719,0.1455924667542261,0.017176135597254394,1.0,applied,0.3972357171982352,0.4123081702474546,1.0,0.4123081702474546,14.35409531893055,17.942619148663187,0.4123081702474546
NYSE:TJX,TJX,US,TJX,total_payout,高ROE资本结构复核,"['F1', 'F2', 'F3']","[5.283072, 5.65288704, 5.992060262400001]",64018909685.0,,https://www.tradingview.com/markets/stocks-usa/stock-screener/,F1 analyst consensus; F2-F3 conservative fade model,0.7398867313915858,"{""profit"": 14832000000.0, ""dividend"": 4974000000.0, ""repurchase"": 7519000000.0, ""issuance"": 962000000.0, ""sbc"": 557000000.0}","2026-01-31,2025-02-01,2024-02-03",,132.5,24.50663066195646,13.698686787022124,62.19573307173333,60.55541725725,16.04678793625,0.3940243076432878,0.4046975773917635,7.661631419939577,21.97426618415762,5.283072,5.65288704,5.992060262400001,4.7547648,4.9180117248,5.09325122304,25.080104908659205,27.86678323184356,22.11259469992876,26.01481729403384,0.0348592833514465,-0.019710670924201534,1.0,applied,0.3940243076432878,0.4046975773917635,1.0,0.4046975773917635,25.080104908659205,27.86678323184356,0.424408248315965
SZSE:000651,格力电器,A,000651,dividend,收入利润下滑,"['2026', '2027', '2028']","[5.21375, 5.499166666667, 5.779565217391]",,23.0,https://data.eastmoney.com/report/profitforecast.jshtml,Eastmoney broker consensus mean,0.5156923076923077,"{""cash_dividend_per_share"": 8.379999999999999, ""eps"": 16.25}","2025,2024,2023",,38.98,7.791480941054187,1.4659723669097915,24.99328571428571,19.6322235112199,6.96422965064431,0.2346816193333654,0.3803529635478851,-12.915115176127786,-14.148026898616642,5.21375,5.499166666667,5.779565217391,4.4316875,4.3993333333336,4.33467391304325,7.476384560057539,8.795746541244165,6.744451967201137,8.992602622934848,0.049279324833571225,-0.046666465605956886,1.0,applied,0.2346816193333654,0.3803529635478851,1.0,0.3803529635478851,7.476384560057539,8.795746541244165,0.427019429153842
NASDAQ:ADBE,Adobe,US,ADBE,total_payout,AI替代条件通过,"['F1', 'F2', 'F3']","[24.421405, 26.8635455, 29.281264595000003]",26539040535.0,,https://www.tradingview.com/markets/stocks-usa/stock-screener/,F1 analyst consensus; F2-F3 conservative fade model,1.0301909703057732,"{""profit"": 18118000000.0, ""dividend"": 0.0, ""repurchase"": 25181000000.0, ""issuance"": 1023000000.0, ""sbc"": 5493000000.0}","2025-11-28,2024-11-29,2023-12-01",,265.38,15.178535681398316,9.193142244286502,42.005208337206,33.55414014024167,17.997433223033333,0.3613488965356224,0.4523595484181283,11.49064200699084,5.2409375454942495,24.421405,26.8635455,29.281264595000003,19.537124000000002,20.147659125,20.4968852165,10.86669665402134,13.583370817526673,9.063133155981099,12.947333079973,0.1875461747098579,0.05442700077900042,1.0,applied,0.3613488965356224,0.4523595484181283,1.0,0.4523595484181283,10.86669665402134,13.583370817526673,0.4523595484181283
SZSE:002032,苏泊尔,A,002032,dividend,内需与出口增长待核,"['2026', '2027', '2028']","[2.617857142857, 2.806428571429, 2.951538461538]",,14.0,https://data.eastmoney.com/report/profitforecast.jshtml,Eastmoney broker consensus mean,0.9996329377217668,"{""cash_dividend_per_share"": 8.17, ""eps"": 8.173}","2025,2024,2023",,40.02,15.745986779981116,6.339008662678255,35.656666666666666,34.849999999999994,16.2122081077,0.4416000779652552,0.4518217153509646,-1.0289337374436742,-9.7787767427669,2.617857142857,2.806428571429,2.951538461538,2.3560714285713,2.44159285714323,2.5088076923073,15.287312414734807,16.985902683038674,13.559030492574443,15.951800579499345,0.05110737113875219,-0.004319373448278596,1.0,applied,0.4416000779652552,0.4518217153509646,1.0,0.4518217153509646,15.287312414734807,16.985902683038674,0.4561410887992432
SSE:605499,东鹏饮料,A,605499,reinvestment,单品依赖待核,"['2026', '2027', '2028']","[7.539853658537, 8.690341463415, 9.94715]",,41.0,https://data.eastmoney.com/report/profitforecast.jshtml,Eastmoney broker consensus mean,0.6253939982188779,"{""cash_dividend_per_share"": 12.5, ""eps"": 19.9874}","2025,2024,2023",,120.41,17.092767407197105,4.495278855874812,44.78666666666666,34.7901112009922,16.7155232750374,0.3816485726525105,0.4913110886150207,20.743504365935337,23.582905520871936,7.539853658537,8.690341463415,9.94715,6.40887560975645,6.952273170732001,7.4603625000000005,15.969805974107437,18.78800702836169,12.104974791774527,16.139966389032704,0.12188798741827722,0.01930288239437794,1.0,not_mechanical,0.3816485726525105,0.4913110886150207,1.0,0.4913110886150207,15.969805974107437,18.78800702836169,0.4913110886150207
HKEX:9980,东鹏饮料H,HK,09980,reinvestment,新上市H股、流动性与税后回报待核,"['2026', '2027', '2028']","[7.125, 8.0655, 9.44]",,8.0,https://www.etnet.com.hk/www/eng/stocks/realtime/quote_profit.php?code=9980,median of current broker forecasts,0.7943262411347518,"{""profit"": 9781745000.0, ""dividend"": 5400135000.0, ""repurchase"": 0.0, ""issuance"": 0.0}","2025-12-31,2024-12-31,2023-12-31",0.7943262411347518,103.2,13.633301187629629,3.333647747138942,44.97377608768366,34.314663942266,16.5577596000554,0.3031389039036726,0.3973024830016546,25.278432029610524,28.431947933165368,7.125,8.0655,9.44,6.0562499999999995,6.452400000000001,7.08,14.48421052631579,17.040247678018577,10.932203389830509,14.576271186440678,0.07637708153533262,-0.022046519744794102,1.0,not_mechanical,0.3031389039036726,0.3973024830016546,0.8,0.49662810375206823,14.48421052631579,17.040247678018577,0.5186746234968623
NYSE:WSM,Williams-Sonoma,US,WSM,total_payout,高ROE回购与家居需求复核,"['F1', 'F2', 'F3']","[9.508993, 10.17462251, 10.7850998606]",8271767139.0,,https://www.tradingview.com/markets/stocks-usa/stock-screener/,F1 analyst consensus; F2-F3 conservative fade model,0.7944484660734324,"{""profit"": 3163450000.0, ""dividend"": 829017000.0, ""repurchase"": 1974440000.0, ""issuance"": 0.0, ""sbc"": 290259000.0}","2026-02-01,2025-02-02,2024-01-28",,225.3,23.048829144032165,12.393366440986014,51.278480686833326,50.566966513,19.71772608355,0.4494834643170379,0.4558080251483281,2.24013280613107,3.564966411827534,9.508993,10.17462251,10.7850998606,7.607194400000001,7.630966882500001,7.54956990242,23.69336059033801,29.61670073792251,20.889931749548587,29.842759642212272,0.0333258227154436,-0.08250586690699246,1.0,applied,0.4494834643170379,0.4558080251483281,1.0,0.4558080251483281,23.69336059033801,29.61670073792251,0.5383138920553205
NYSE:UHS,Universal Health Services,US,UHS,total_payout,医疗政策与劳动成本,"['F1', 'F2', 'F3']","[22.528523, 24.10551961, 25.551850786600003]",18607862604.0,,https://www.tradingview.com/markets/stocks-usa/stock-screener/,F1 analyst consensus; F2-F3 conservative fade model,0.602022690961039,"{""profit"": 3393598000.0, ""dividend"": 185165000.0, ""repurchase"": 2186068000.0, ""issuance"": 45453000.0, ""sbc"": 282757000.0}","2025-12-31,2024-12-31,2023-12-31",,168.51,6.862162206186574,1.3217514512714847,17.025121065233332,14.85918420305,6.6299817040499995,0.4030609932166451,0.4618128500471813,10.049655883844052,21.01634484765771,22.528523,24.10551961,25.551850786600003,19.14924455,19.284415688000003,19.163888089950003,7.4798512090650595,8.799824951841247,6.594825611942389,8.793100815923186,0.013333859887596944,-0.0793250878920847,1.0,applied,0.4030609932166451,0.4618128500471813,1.0,0.4618128500471813,7.4798512090650595,8.799824951841247,0.541137937939266
SSE:603605,珀莱雅,A,603605,reinvestment,品牌持续性待核,"['2026', '2027', '2028']","[4.556382352941, 4.537382352941, 4.988941176471]",,34.0,https://data.eastmoney.com/report/profitforecast.jshtml,Eastmoney broker consensus mean,0.41674418604651164,"{""cash_dividend_per_share"": 4.48, ""eps"": 10.75}","2025,2024,2023",,63.04,13.605265997625985,3.677572988506418,29.423333333333332,27.87,19.0247954271,0.4623971676999882,0.48816885531489,-4.744642787298599,13.23970257740186,4.556382352941,4.537382352941,4.988941176471,3.87292499999985,3.6299058823528,3.74170588235325,13.835537739564302,16.277103223016827,12.635947743242838,16.847930324323784,0.024943058850718458,-0.06877743064099795,1.0,not_mechanical,0.4623971676999882,0.48816885531489,1.0,0.48816885531489,13.835537739564302,16.277103223016827,0.556946285955888
NASDAQ:CHKP,Check Point,US,CHKP,total_payout,低增长但防守,"['F1', 'F2', 'F3']","[10.443949, 11.17502543, 11.8455269558]",2801847314.0,,https://www.tradingview.com/markets/stocks-usa/stock-screener/,F1 analyst consensus; F2-F3 conservative fade model,0.984870028072478,"{""profit"": 2742900000.0, ""dividend"": 0.0, ""repurchase"": 3987500000.0, ""issuance"": 785500000.0, ""sbc"": 500600000.0}","2025-12-31,2024-12-31,2023-12-31",,136.945,14.026794768055227,5.215067010059982,31.201150162546,25.13751862065,13.787182863608331,0.4495601827170158,0.5580023621159043,4.640775228998736,22.200209765745218,10.443949,11.17502543,11.8455269558,9.3995541,9.7222721241,10.06869791243,13.112377320111387,14.569308133457097,11.560904002919578,13.601063532846563,0.06656881795641634,0.010326764023033785,1.0,applied,0.4495601827170158,0.5580023621159043,1.0,0.5580023621159043,13.112377320111387,14.569308133457097,0.5580023621159043
HKEX:6110,滔搏,HK,06110,dividend,渠道与品牌议价待核,"['2027', '2028', '2029']","[0.18, 0.205, 0.22]",,13.0,https://www.etnet.com.hk/www/eng/stocks/realtime/quote_profit.php?code=6110,median of current broker forecasts,1.0,"{""profit"": 4765800000.0, ""dividend"": 6015300000.0, ""repurchase"": 0.0, ""issuance"": 0.0}","2026-02-28,2025-02-28,2024-02-29",1.0,1.12,5.0269299820466795,0.7060143598277829,16.806524279307332,13.966296008698,8.740162491766501,0.2991058649905369,0.359932939908762,-3.552403351753338,-0.6077116410583117,0.18,0.205,0.22,0.135,0.14759999999999998,0.154,6.222222222222223,8.296296296296296,5.090909090909092,7.272727272727273,-0.004206780504786289,-0.11583121550205178,1.0,applied,0.2991058649905369,0.359932939908762,0.8,0.4499161748859525,6.222222222222223,8.296296296296296,0.5657473903880043
SSE:600809,山西汾酒,A,600809,dividend,白酒去库存,"['2026', '2027', '2028']","[8.762314285714, 9.482171428571, 10.450029411765]",,35.0,https://data.eastmoney.com/report/profitforecast.jshtml,Eastmoney broker consensus mean,0.593300833903703,"{""cash_dividend_per_share"": 16.990000000000002, ""eps"": 28.6364}","2025,2024,2023",,122.56,14.686638705811864,3.925251125114818,38.739999999999995,27.5297850145974,16.9026071578808,0.3791078654055722,0.5334817797532533,-3.841255415088191,-17.486558150664994,8.762314285714,9.482171428571,10.450029411765,7.0098514285712,7.11162857142825,7.315020588235499,13.987172338684626,17.483965423355784,11.728196655792928,16.754566651132755,0.07786339671830911,-0.042960776721940874,1.0,applied,0.3791078654055722,0.5334817797532533,1.0,0.5334817797532533,13.987172338684626,17.483965423355784,0.5764425564751942
SSE:605599,菜百股份,A,605599,dividend,金价与库存周转待核,"['2026', '2027', '2028']","[1.447333333333, 1.64, 1.771428571429]",,16.0,https://data.eastmoney.com/report/profitforecast.jshtml,Eastmoney broker consensus mean,0.6686930091185411,"{""cash_dividend_per_share"": 2.2, ""eps"": 3.29}","2025,2024,2023",,14.9,10.429791404171915,2.620102693957938,21.673333333333332,19.275,11.3701311156,0.4812269180639149,0.5411046124084004,41.332755362045255,42.82847173132896,1.447333333333,1.64,1.771428571429,1.1578666666664001,1.23,1.2400000000002998,10.294795025336319,12.868493781670397,8.41129032257861,12.01612903225516,0.07432990883740809,-0.04609817475150191,1.0,applied,0.4812269180639149,0.5411046124084004,1.0,0.5411046124084004,10.294795025336319,12.868493781670397,0.5872027871599023
HKEX:2589,沪上阿姨,HK,02589,reinvestment,新上市、门店单位经济待核,"['2026', '2027', '2028']","[5.6, 6.485, 7.23]",,2.0,https://www.etnet.com.hk/www/eng/stocks/realtime/quote_profit.php?code=2589,median of current broker forecasts,0.4693140794223827,"{""profit"": 1218150000.0, ""dividend"": 218767000.0, ""repurchase"": 0.0, ""issuance"": 287627000.0}","2025-12-31,2024-12-31,2023-12-31",0.4693140794223827,81.5,12.374358507181682,3.4415921692165417,43.075217363714664,31.980933368923996,21.6384208443536,0.2872732690515797,0.3869292482628383,,,5.6,6.485,7.23,4.199999999999999,4.5395,4.6995000000000005,14.553571428571429,19.40476190476191,11.272475795297371,17.342270454303648,0.03157575773860266,-0.1064087385251491,1.0,not_mechanical,0.2872732690515797,0.3869292482628383,0.8,0.48366156032854785,14.553571428571429,19.40476190476191,0.590070298853697
NYSE:ARCO,Arcos Dorados,US,ARCO,total_payout,拉美汇率与特许成本,"['F1', 'F2', 'F3']","[0.787395, 0.8503866, 0.909913662]",5289306357.0,,https://www.tradingview.com/markets/stocks-usa/stock-screener/,F1 analyst consensus; F2-F3 conservative fade model,0.26033249162130706,"{""profit"": 542149000.0, ""dividend"": 141139000.0, ""repurchase"": 0.0, ""issuance"": 0.0, ""sbc"": 0.0}","2025-12-31,2024-12-31,2023-12-31",,8.23,6.753097562976944,2.086158603819977,35.15656386603333,31.126413845,5.645515018699999,0.1920863935596811,0.216957134753952,10.767117810403992,97.29127444576788,0.787395,0.8503866,0.909913662,0.629916,0.6377899499999999,0.6369395634,10.452187275763754,13.06523409470469,9.044814188096014,12.921163125851447,-0.09280400368152253,-0.1944970445039581,1.9206208064390424,applied,0.368925124104562,0.4166923871138393,1.0,0.4166923871138393,20.074688354629277,25.093360443286596,0.6111894316177975
SSE:600519,贵州茅台,A,600519,dividend,渠道库存待核,"['2026', '2027', '2028']","[67.656739130435, 71.522173913044, 75.208837209302]",,45.0,https://data.eastmoney.com/report/profitforecast.jshtml,Eastmoney broker consensus mean,0.6935973476443573,"{""cash_dividend_per_share"": 134.41223, ""eps"": 193.79}","2025,2024,2023",,1330.0,20.446062365102108,6.6172528698602795,34.24666666666667,33.2451371632829,27.085589260476,0.5970234289985041,0.6150091144061652,-4.702317582417921,-9.452899828088526,67.656739130435,71.522173913044,75.208837209302,60.8910652173915,60.7938478260874,60.1670697674416,19.658056493617014,21.842284992907793,17.684092047569944,22.105115059462427,0.04956410984203985,-0.025670989519290255,1.0,applied,0.5970234289985041,0.6150091144061652,1.0,0.6150091144061652,19.658056493617014,21.842284992907793,0.6406801039254555
NASDAQ:GOOGL,Alphabet,US,GOOGL,reinvestment,AI/监管条件通过,"['F1', 'F2', 'F3']","[20.569482, 23.449209480000004, 26.263114617600007]",497606056389.0,,https://www.tradingview.com/markets/stocks-usa/stock-screener/,F1 analyst consensus; F2-F3 conservative fade model,0.38110251141030377,"{""profit"": 306083000000.0, ""dividend"": 17412000000.0, ""repurchase"": 169435000000.0, ""issuance"": 0.0, ""sbc"": 70198000000.0}","2025-12-31,2024-12-31,2023-12-31",,340.64,17.11303019798747,6.692875714374691,31.475594804726,25.72186933985625,18.057333790706252,0.5436920351833345,0.6653105173608315,20.23118740133723,111.2993519247575,20.569482,23.449209480000004,26.263114617600007,17.4840597,18.759367584000003,19.697335963200004,16.56045592203051,19.482889320035895,12.970281893820886,17.29370919176118,0.09679593929936048,-0.0034947562822313927,1.0,not_mechanical,0.5436920351833345,0.6653105173608315,1.0,0.6653105173608315,16.56045592203051,19.482889320035895,0.6688052736430629
NYSE:GAP,Gap,US,GAP,total_payout,品牌转型待证,"['F1', 'F2', 'F3']","[2.426745, 2.54808225, 2.6754863625000005]",15538163879.0,,https://www.tradingview.com/markets/stocks-usa/stock-screener/,F1 analyst consensus; F2-F3 conservative fade model,0.3209990749306198,"{""profit"": 2162000000.0, ""dividend"": 694000000.0, ""repurchase"": 230000000.0, ""issuance"": 84000000.0, ""sbc"": 368000000.0}","2026-01-31,2025-02-01,2024-02-03",,22.11,6.60552103250478,1.964214167749753,24.235175093666665,21.94757404175,5.5663768183,0.2725592452695334,0.3009681625832248,1.054991428194646,40.26996625421822,2.426745,2.54808225,2.6754863625000005,1.6987214999999998,1.6562534625000003,1.6052918175000002,9.110969632161598,13.015670903088001,8.263918033706664,13.77319672284444,-0.07194504694037285,-0.21724813739442883,1.5576368876080693,applied,0.4245483344904404,0.46879911203525365,1.0,0.46879911203525365,14.191582380931829,20.273689115616904,0.6860472494296825
HKEX:1999,敏华控股,HK,01999,dividend,地产链与海外需求,"['2027', '2028', '2029']","[0.45, 0.48, 0.511]",,5.0,https://www.etnet.com.hk/www/eng/stocks/realtime/quote_profit.php?code=1999,median of current broker forecasts,0.5469256543978418,"{""profit"": 5590933631.26, ""dividend"": 3039526771.37, ""repurchase"": 207899111.5, ""issuance"": 7662376.95}","2026-03-31,2025-03-31,2024-03-31",0.5111111111111111,3.055,6.5389554794520555,0.8353887634058705,16.531780975529,13.478910261337202,8.49589861527141,0.3955384776226637,0.48512493611656,-2.8007114157473696,-12.129930083966157,0.45,0.48,0.511,0.36000000000000004,0.36,0.35769999999999996,6.788888888888889,8.48611111111111,5.978473581213308,8.54067654459044,0.03032132495213924,-0.08517357249425717,1.0,applied,0.3955384776226637,0.48512493611656,0.8,0.6064061701457,6.788888888888889,8.48611111111111,0.6915797426399571
HKEX:3998,波司登,HK,03998,dividend,季节/暖冬风险,"['2027', '2028', '2029']","[0.37, 0.39, 0.42]",,11.0,https://www.etnet.com.hk/www/eng/stocks/realtime/quote_profit.php?code=3998,median of current broker forecasts,0.7989130434782609,"{""profit"": 10582363000.0, ""dividend"": 7540171000.0, ""repurchase"": 390687000.0, ""issuance"": 841372000.0}","2026-03-31,2025-03-31,2024-03-31",0.7989130434782609,4.345,11.494708994708994,2.440202404820874,23.007786491112,22.6902973751023,14.0336271808393,0.4996008198854525,0.5065913771285322,8.077352320679388,16.446029820440586,0.37,0.39,0.42,0.3145,0.31200000000000006,0.315,11.743243243243242,13.81558028616852,10.345238095238095,13.793650793650793,0.03574416865128627,-0.05896397111897145,1.0,applied,0.4996008198854525,0.5065913771285322,0.8,0.6332392214106652,11.743243243243242,13.81558028616852,0.6922031925296367
SZSE:300628,亿联网络,A,300628,reinvestment,科技硬闸门待核,"['2026', '2027', '2028']","[2.483333333333, 2.947777777778, 3.48375]",,9.0,https://data.eastmoney.com/report/profitforecast.jshtml,Eastmoney broker consensus mean,0.8883779264214046,"{""cash_dividend_per_share"": 5.1, ""eps"": 5.7408}","2025,2024,2023",,42.08,18.48532771041996,5.779283028300358,28.7796,26.575714285714284,23.73669212916429,0.642306623803665,0.6955721871361593,20.59785435142559,14.131107312377456,2.483333333333,2.947777777778,3.48375,1.9866666666664,2.2108333333335,2.438625,16.944966442955295,21.181208053694117,12.078937926085395,17.25562560869342,0.15238996624380463,0.02321166259589469,1.0,not_mechanical,0.642306623803665,0.6955721871361593,1.0,0.6955721871361593,16.944966442955295,21.181208053694117,0.6955721871361593
SZSE:002668,TCL智家,A,002668,dividend,家电盈利承压,"['2026', '2027', '2028']","[1.073333333333, 1.18, 1.286666666667]",,9.0,https://data.eastmoney.com/report/profitforecast.jshtml,Eastmoney broker consensus mean,0.14779083094555873,"{""cash_dividend_per_share"": 0.51579, ""eps"": 3.49}","2025,2017,2016",,9.27,10.08485639686684,2.6251847824240055,49.54666666666667,28.90820095028,6.05686233298588,0.2035425806687333,0.3488579733554522,0.6009284337096154,-9.280770751900558,1.073333333333,1.18,1.286666666667,0.9123333333330499,0.944,0.9650000000002499,8.636645962735601,10.160759956159533,7.204663212433367,9.606217616577823,0.1186271215465966,0.01634018913143076,2.0,applied,0.4070851613374666,0.6977159467109044,1.0,0.6977159467109044,17.273291925471202,20.321519912319065,0.6977159467109044
HKEX:999,小菜园,HK,00999,reinvestment,新上市、开店回报待核,"['2026', '2027', '2028']","[0.495, 0.605, 0.7020000000000001]",,6.0,https://www.etnet.com.hk/www/eng/stocks/realtime/quote_profit.php?code=999,median of current broker forecasts,0.610204081632653,"{""profit"": 1827773000.0, ""dividend"": 947031000.0, ""repurchase"": 0.0, ""issuance"": 779623000.0}","2025-12-31,2024-12-31,2023-12-31",0.610204081632653,7.59,12.851337622756516,3.209234477072366,60.289434892718326,25.8145146964274,15.5930643871414,0.2131606913487371,0.4978337874596991,,,0.495,0.605,0.7020000000000001,0.37124999999999997,0.4235,0.45630000000000004,15.333333333333334,20.444444444444446,10.81196581196581,16.63379355687048,0.059289229394273946,-0.08240224563224974,1.0,not_mechanical,0.2131606913487371,0.4978337874596991,0.8,0.6222922343246238,15.333333333333334,20.444444444444446,0.7046944799568735
SSE:603444,吉比特,A,603444,reinvestment,游戏流水波动,"['2026', '2027', '2028']","[27.167586206897, 29.815172413793, 32.158148148148]",,29.0,https://data.eastmoney.com/report/profitforecast.jshtml,Eastmoney broker consensus mean,0.7982185680027407,"{""cash_dividend_per_share"": 46.6, ""eps"": 58.379999999999995}","2025,2024,2022",,399.9,12.807455803228285,4.737795762735359,28.8942,22.468571428571423,19.476177706,0.4432535181188018,0.5700164714051247,74.27627798657514,109.04808114480116,27.167586206897,29.815172413793,32.158148148148,19.017310344827898,19.37986206896545,19.2948888888888,14.71974716320134,21.028210233144772,12.435417554447405,20.725695924079012,0.009874713149499392,-0.14823867906747812,1.0,not_mechanical,0.4432535181188018,0.5700164714051247,1.0,0.5700164714051247,14.71974716320134,21.028210233144772,0.7182551504726028
SZSE:000333,美的集团,A,000333,dividend,稳健低增长,"['2026', '2027', '2028']","[6.159709677419, 6.650967741935, 7.160666666667]",,31.0,https://data.eastmoney.com/report/profitforecast.jshtml,Eastmoney broker consensus mean,0.6679035250463822,"{""cash_dividend_per_share"": 10.8, ""eps"": 16.17}","2025,2024,2023",,87.57,15.0259956416548,3.1321310795247257,21.07333333333333,20.494999999999997,7.22425654395,0.7130336432294275,0.7331542152551745,5.398082370725765,1.1973150206955316,6.159709677419,6.650967741935,7.160666666667,5.5437387096771005,5.78634193548345,6.08656666666695,14.216579122393473,15.796199024881636,12.229308258075958,14.387421480089365,0.07105997142085729,0.014581091048226247,1.0,applied,0.7130336432294275,0.7331542152551745,1.0,0.7331542152551745,14.216579122393473,15.796199024881636,0.7331542152551745
HKEX:322,康师傅,HK,00322,dividend,ROA偏低,"['2026', '2027', '2028']","[0.8, 0.855, 0.9]",,14.0,https://www.etnet.com.hk/www/eng/stocks/realtime/quote_profit.php?code=322,median of current broker forecasts,1.0,"{""profit"": 11352588000.0, ""dividend"": 10959347000.0, ""repurchase"": 0.0, ""issuance"": 20138000.0}","2025-12-31,2024-12-31,2023-12-31",1.0,12.55,13.569034490215158,4.742273495036673,26.747072660653664,24.712063237281495,6.306602624667001,0.5073091422889022,0.5490854551450172,3.527495131736362,17.29880393984028,0.8,0.855,0.9,0.7200000000000001,0.74385,0.765,15.6875,17.430555555555554,13.944444444444445,16.405228758169937,-0.009055701315514808,-0.061309941035720295,1.0,applied,0.5073091422889022,0.5490854551450172,0.8,0.6863568189312714,15.6875,17.430555555555554,0.7476667599669917
HKEX:1361,361度,HK,01361,dividend,治理与库存待核,"['2026', '2027', '2028']","[0.6837000000000001, 0.752, 0.85]",,5.0,https://www.etnet.com.hk/www/eng/stocks/realtime/quote_profit.php?code=1361,median of current broker forecasts,0.45198275579451197,"{""profit"": 3418926000.0, ""dividend"": 1343579000.0, ""repurchase"": 0.0, ""issuance"": 289000.0}","2025-12-31,2024-12-31,2023-12-31",0.45198275579451197,4.445,5.964841653247451,0.7344497410011318,12.398776359444998,11.869839915049,8.107998570734,0.4810830908086846,0.5025208171245018,13.070118241531627,18.224686344318812,0.6837000000000001,0.752,0.85,0.5469600000000001,0.5640000000000001,0.595,6.501389498317975,8.12673687289747,5.229411764705882,7.470588235294119,0.04483735997746696,-0.07228472690583287,1.1062368941954024,applied,0.532191864226124,0.5559070680043446,0.8,0.6948838350054307,7.192076926573882,8.990096158217353,0.7671685619112636
HKEX:1882,海天国际,HK,01882,cyclical,十年周期PB,"['2026', '2027', '2028']","[2.083, 2.2365, 2.383]",,6.0,https://www.etnet.com.hk/www/eng/stocks/realtime/quote_profit.php?code=1882,median of current broker forecasts,0.3512166528797436,"{""profit"": 8872997000.0, ""dividend"": 2802863000.0, ""repurchase"": 0.0, ""issuance"": 0.0}","2025-12-31,2024-12-31,2023-12-31",0.3512166528797436,18.0,8.110665525165592,1.07005915049193,15.639588644366068,14.017008583516304,9.01325015859404,0.4374789219466465,0.5446244151935229,7.743758989509695,0.3293853329564221,2.083,2.2365,2.383,1.5622500000000001,1.5655499999999998,1.54895,8.641382621219394,11.521843494959192,7.553503986571548,11.620775363956229,0.02400641279212845,-0.11296560111959952,1.0,not_mechanical,0.4374789219466465,0.5446244151935229,0.8,0.6807805189919036,8.641382621219394,11.521843494959192,0.7937461201115031
NASDAQ:GCT,GigaCloud,US,GCT,total_payout,治理与平台可替代性待核,"['F1', 'F2', 'F3']","[4.376667, 4.901867040000001, 5.392053744000001]",1547486000.0,,https://www.tradingview.com/markets/stocks-usa/stock-screener/,F1 analyst consensus; F2-F3 conservative fade model,0.1902134972347238,"{""profit"": 357288000.0, ""dividend"": 0.0, ""repurchase"": 92240000.0, ""issuance"": 0.0, ""sbc"": 24279000.0}","2025-12-31,2024-12-31,2023-12-31",,50.87,12.051932052405885,3.4485400141141347,35.25556614193333,32.3435187324092,13.2513299452503,0.3418448027153135,0.3726227857926131,22.86391702488589,17.092139011026813,4.376667,4.901867040000001,5.392053744000001,3.28250025,3.4313069280000006,3.5048349336000006,11.622999876389954,15.49733316851994,9.434253146420417,14.514235609877565,0.08504991277221574,-0.06008733430997115,2.0,applied,0.683689605430627,0.7452455715852262,1.0,0.7452455715852262,23.24599975277991,30.99466633703988,0.8053329058951973
HKEX:2020,安踏体育,HK,02020,dividend,库存折扣待核,"['2026', '2027', '2028']","[5.18, 5.7, 6.295]",,19.0,https://www.etnet.com.hk/www/eng/stocks/realtime/quote_profit.php?code=2020,median of current broker forecasts,0.46278434940855323,"{""profit"": 39420000000.0, ""dividend"": 18952000000.0, ""repurchase"": 3916000000.0, ""issuance"": 10497000000.0}","2025-12-31,2024-12-31,2023-12-31",0.46278434940855323,76.1,11.980855820397368,2.606071564574412,24.237861777737997,22.578068585645,12.0766151836355,0.4943033313029926,0.5306413068483069,16.637270096937968,11.792863489284937,5.18,5.7,6.295,4.403,4.5600000000000005,4.7212499999999995,14.69111969111969,17.283670224846695,12.088959491660047,16.11861265554673,-0.0029897118194496253,-0.094156037040808,1.0804168305151396,applied,0.5340536385194542,0.5733137988854594,0.8,0.7166422486068242,15.872532973398092,18.673568203997757,0.8107982856476322
HKEX:6690,海尔智家H,HK,06690,dividend,低增长,"['2026', '2027', '2028']","[2.09, 2.29, 2.5295]",,13.0,https://www.etnet.com.hk/www/eng/stocks/realtime/quote_profit.php?code=6690,median of current broker forecasts,0.6479795929599883,"{""profit"": 54881000000.0, ""dividend"": 24401000000.0, ""repurchase"": 3595000000.0, ""issuance"": 0.0}","2025-12-31,2024-12-31,2023-12-31",0.5824742268041238,21.62,9.953042997882331,1.4658143880326628,17.149037989723666,15.1372927277349,5.78729124627148,0.5803849174423988,0.6575180368710274,0.5890393739793509,-8.946596767986561,2.09,2.29,2.5295,1.881,1.9923,2.150075,10.344497607655503,11.493886230728336,8.547143704289386,10.055463181516924,0.05207077846499586,-0.003406768288655715,1.0,applied,0.5803849174423988,0.6575180368710274,0.8,0.8218975460887842,10.344497607655503,11.493886230728336,0.8253043143774399
NASDAQ:MSFT,Microsoft,US,MSFT,reinvestment,质量高/价格一般,"['F1', 'F2', 'F3']","[19.723885, 22.485228900000003, 25.183456368000005]",390636932025.0,,https://www.tradingview.com/markets/stocks-usa/stock-screener/,F1 analyst consensus; F2-F3 conservative fade model,0.2751261132408863,"{""profit"": 323717000000.0, ""dividend"": 72298000000.0, ""repurchase"": 57945000000.0, ""issuance"": 6067000000.0, ""sbc"": 35113000000.0}","2026-06-30,2025-06-30,2024-06-30",,504.73,28.125870696668787,8.47364294624165,36.3950160469,33.725053655051724,18.83486164184827,0.7727945678173275,0.8339755655942678,17.78868679984666,31.34279990572708,19.723885,22.485228900000003,25.183456368000005,17.7514965,19.562149143000003,21.405937912800002,25.58978619070229,28.43309576744699,20.042125775925975,23.578971501089384,0.11957724806994396,0.06053996617266755,1.0,not_mechanical,0.7727945678173275,0.8339755655942678,1.0,0.8339755655942678,25.58978619070229,28.43309576744699,0.8339755655942678
HKEX:1024,快手,HK,01024,reinvestment,混合平台附加闸门待核,"['2026', '2027', '2028']","[1.8425, 1.78, 1.9580000000000002]",,18.0,https://www.etnet.com.hk/www/eng/stocks/realtime/quote_profit.php?code=1024,median of current broker forecasts,0.5101920364480114,"{""profit"": 40348000000.0, ""dividend"": 1800000000.0, ""repurchase"": 9111000000.0, ""issuance"": 1549000000.0}","2025-12-31,2024-12-31,2023-12-31",0.32277258566978195,33.66,8.459837136825172,1.5318835204194243,22.768851148483662,20.3330855425658,8.74060216587576,0.3715530960106685,0.4160626344248212,11.31210309805611,0.7153043130117971,1.8425,1.78,1.9580000000000002,1.381875,1.246,1.2727000000000002,18.268656716417908,24.35820895522388,17.191011235955052,26.447709593777002,-0.21049746999805852,-0.3161020347467389,1.0,not_mechanical,0.3715530960106685,0.4160626344248212,0.8,0.5200782930310265,18.268656716417908,24.35820895522388,0.8361803277777654
HKEX:151,中国旺旺,HK,00151,dividend,成熟品牌,"['2027', '2028', '2029']","[0.32, 0.331, 0.34299999999999997]",,8.0,https://www.etnet.com.hk/www/eng/stocks/realtime/quote_profit.php?code=151,median of current broker forecasts,0.32790695629563554,"{""profit"": 12163109000.0, ""dividend"": 0.0, ""repurchase"": 334980000.0, ""issuance"": 0.0}","2026-03-31,2025-03-31,2024-03-31",0.30036630036630035,3.085,8.624545708694436,1.6124058558817536,23.845463807578664,20.2897950586787,13.6967055420816,0.361684963575896,0.4250681529188436,5.79956317923007,-9.740338289237712,0.32,0.331,0.34299999999999997,0.28800000000000003,0.28797,0.29155,9.640625,10.711805555555554,8.994169096209912,10.58137540730578,-0.013890687940079749,-0.0658899702923893,1.5248227901246725,applied,0.5515054753059383,0.648153606926852,0.8,0.8101920086585649,14.70024471104567,16.333605234495188,0.8760819789509542
NASDAQ:META,Meta,US,META,reinvestment,资本开支压力,"['F1', 'F2', 'F3']","[31.398611, 35.79441654, 40.089746524800006]",254115544748.0,,https://www.tradingview.com/markets/stocks-usa/stock-screener/,F1 analyst consensus; F2-F3 conservative fade model,0.21862570715679736,"{""profit"": 161916000000.0, ""dividend"": 10396000000.0, ""repurchase"": 76147000000.0, ""issuance"": 0.0, ""sbc"": 51144000000.0}","2025-12-31,2024-12-31,2023-12-31",,607.6954,22.890698629259784,5.927577852598936,29.944181721058,23.87286699200625,16.36165914955,0.7644456222746634,0.9588583824860524,27.65206594930762,-4.767365432754835,31.398611,35.79441654,40.089746524800006,25.1188888,26.845812405,28.06282256736,19.35421283444672,24.1927660430584,15.158374713695737,21.65482101956534,0.1472783627295,0.01867304938022185,1.0,not_mechanical,0.7644456222746634,0.9588583824860524,1.0,0.9588583824860524,19.35421283444672,24.1927660430584,0.9588583824860524
HKEX:9961,携程,HK,09961,reinvestment,恢复性利润待正常化,"['2026', '2027', '2028']","[20.67, 27.908, 30.955]",,17.0,https://www.etnet.com.hk/www/eng/stocks/realtime/quote_profit.php?code=9961,median of current broker forecasts,0.2357852651835631,"{""profit"": 60279000000.0, ""dividend"": 1423000000.0, ""repurchase"": 8185000000.0, ""issuance"": 0.0}","2025-12-31,2024-12-31,2023-12-31",0.1,325.6,6.560984308849874,1.1987845002613138,14.197998453908331,10.676868111070998,6.110561082619,0.462106284216689,0.6145045757422717,19.462330160959834,87.33605161616605,20.67,27.908,30.955,16.536,20.931,21.668499999999998,15.75229801644896,19.6903725205612,10.5184945889194,15.02642084131343,-0.1455792167656238,-0.24135636739415023,1.0,not_mechanical,0.462106284216689,0.6145045757422717,0.8,0.7681307196778395,15.75229801644896,19.6903725205612,1.0094870870719896
HKEX:700,腾讯,HK,00700,total_payout,质量高/价格一般,"['2026', '2027', '2028']","[25.616999999999997, 28.14, 30.18]",,19.0,https://www.etnet.com.hk/www/eng/stocks/realtime/quote_profit.php?code=700,median of current broker forecasts,0.6151490862046463,"{""profit"": 534131000000.0, ""dividend"": 92939000000.0, ""repurchase"": 232077000000.0, ""issuance"": 6662000000.0}","2025-12-31,2024-12-31,2023-12-31",0.19312714776632303,442.8,15.578658504406564,3.0384885509435753,21.5513540969935,19.03232767211177,10.224910348751845,0.7228621660752096,0.8185366904561077,15.9724417340515,17.0773973819533,25.616999999999997,28.14,30.18,23.0553,24.4818,25.653,17.285396416442207,19.20599601826912,14.671968190854871,17.261139048064557,0.020188820717810696,-0.03360753420186746,1.0,applied,0.7228621660752096,0.8185366904561077,0.8,1.0231708630701346,17.285396416442207,19.20599601826912,1.056778397272002
HKEX:1910,新秀丽,HK,01910,dividend,旅行消费与杠杆,"['F1', 'F2', 'F3']","[1.3744098502078266, 1.4568744412202963, 1.5442869076935142]",27625646231.668102,,https://www.tradingview.com/markets/stocks-hong-kong/stock-screener/,F1 analyst consensus; F2-F3 conservative fade model,0.18678813252497997,"{""profit"": 7326757870.0, ""dividend"": 383378460.0, ""repurchase"": 1434427360.0, ""issuance"": 449254400.0}","2025-12-31,2024-12-31,2023-12-31",,12.51,8.552091878589007,1.3300558602197408,25.32995575460033,17.723640066972,5.01604210284121,0.3376275885138807,0.4825245743128032,1.2738061782196628,-10.986337786593156,1.3744098502078266,1.4568744412202963,1.5442869076935142,1.0308073876558699,1.0489495976786134,1.0810008353854599,9.102088433161581,12.13611791088211,8.100826302208597,11.57260900315514,0.01823419873336496,-0.09590578023347462,2.0,applied,0.6752551770277614,0.9650491486256064,0.8,1.206311435782008,18.204176866323163,24.27223582176422,1.3022172160154826
SSE:601717,中创智领,A,601717,cyclical,煤机与汽零分部待拆,"['2026', '2027', '2028']","[2.473333333333, 2.856666666667, 3.245]",,6.0,https://data.eastmoney.com/report/profitforecast.jshtml,Eastmoney broker consensus mean,0.4929361179361179,"{""cash_dividend_per_share"": 3.21, ""eps"": 6.5120000000000005}","2025,2024,2023",,14.47,7.5164926497324815,1.0906711811056855,13.719571428571427,5.535294117647059,2.9194334284882353,0.5794457044132529,3.5596920920894193,5.503017541284894,-21.128874412482613,2.473333333333,2.856666666667,3.245,1.85499999999975,1.9996666666668999,2.1092500000000003,5.850404312669252,7.800539083559003,4.459167950693375,6.860258385682114,0.19011008578115995,0.030919895964256927,1.0,not_mechanical,0.5794457044132529,3.5596920920894193,1.0,3.5596920920894193,5.850404312669252,7.800539083559003,3.5596920920894193
