symbol,label,market,code,payout_method,gate_note,fiscal_years,base_eps,f1_revenue,analysts,forecast_source,forecast_method,payout_ratio,payout_detail,payout_years,forecast_dividend_payout
NASDAQ:PDD,PDD,US,PDD,reinvestment,治理/竞争条件通过,"['F1', 'F2', 'F3']","[10.19870876304, 11.728515077496, 13.135936886795522]",69539733496.26073,,https://www.tradingview.com/markets/stocks-usa/stock-screener/,F1 analyst consensus; F2-F3 conservative fade model,0.0,"{""profit"": 270303595000.0, ""dividend"": 0.0, ""repurchase"": 0.0, ""issuance"": 0.0, ""sbc"": 24899329000.0}","2025-12-31,2024-12-31,2023-12-31",
NASDAQ:ADBE,Adobe,US,ADBE,total_payout,AI替代条件通过,"['F1', 'F2', 'F3']","[24.421405, 26.8635455, 29.281264595000003]",26539040535.0,,https://www.tradingview.com/markets/stocks-usa/stock-screener/,F1 analyst consensus; F2-F3 conservative fade model,1.0301909703057732,"{""profit"": 18118000000.0, ""dividend"": 0.0, ""repurchase"": 25181000000.0, ""issuance"": 1023000000.0, ""sbc"": 5493000000.0}","2025-11-28,2024-11-29,2023-12-01",
NASDAQ:GOOGL,Alphabet,US,GOOGL,reinvestment,AI/监管条件通过,"['F1', 'F2', 'F3']","[20.569482, 23.449209480000004, 26.263114617600007]",497606056389.0,,https://www.tradingview.com/markets/stocks-usa/stock-screener/,F1 analyst consensus; F2-F3 conservative fade model,0.38110251141030377,"{""profit"": 306083000000.0, ""dividend"": 17412000000.0, ""repurchase"": 169435000000.0, ""issuance"": 0.0, ""sbc"": 70198000000.0}","2025-12-31,2024-12-31,2023-12-31",
NASDAQ:LULU,Lululemon,US,LULU,total_payout,品牌修复待证,"['F1', 'F2', 'F3']","[10.106991, 10.915550280000001, 11.788794302400003]",10570915380.0,,https://www.tradingview.com/markets/stocks-usa/stock-screener/,F1 analyst consensus; F2-F3 conservative fade model,0.6327089319980284,"{""profit"": 4943989000.0, ""dividend"": 0.0, ""repurchase"": 3373880000.0, ""issuance"": 0.0, ""sbc"": 245774000.0}","2026-02-01,2025-02-02,2024-01-28",
NASDAQ:CHKP,Check Point,US,CHKP,total_payout,低增长但防守,"['F1', 'F2', 'F3']","[10.443949, 11.17502543, 11.8455269558]",2801847314.0,,https://www.tradingview.com/markets/stocks-usa/stock-screener/,F1 analyst consensus; F2-F3 conservative fade model,0.984870028072478,"{""profit"": 2742900000.0, ""dividend"": 0.0, ""repurchase"": 3987500000.0, ""issuance"": 785500000.0, ""sbc"": 500600000.0}","2025-12-31,2024-12-31,2023-12-31",
NASDAQ:META,Meta,US,META,reinvestment,资本开支压力,"['F1', 'F2', 'F3']","[31.398611, 35.79441654, 40.089746524800006]",254115544748.0,,https://www.tradingview.com/markets/stocks-usa/stock-screener/,F1 analyst consensus; F2-F3 conservative fade model,0.21862570715679736,"{""profit"": 161916000000.0, ""dividend"": 10396000000.0, ""repurchase"": 76147000000.0, ""issuance"": 0.0, ""sbc"": 51144000000.0}","2025-12-31,2024-12-31,2023-12-31",
NASDAQ:MSFT,Microsoft,US,MSFT,reinvestment,质量高/价格一般,"['F1', 'F2', 'F3']","[19.723885, 22.485228900000003, 25.183456368000005]",390636932025.0,,https://www.tradingview.com/markets/stocks-usa/stock-screener/,F1 analyst consensus; F2-F3 conservative fade model,0.2751261132408863,"{""profit"": 323717000000.0, ""dividend"": 72298000000.0, ""repurchase"": 57945000000.0, ""issuance"": 6067000000.0, ""sbc"": 35113000000.0}","2026-06-30,2025-06-30,2024-06-30",
NYSE:DECK,Deckers,US,DECK,total_payout,HOKA集中度待核,"['F1', 'F2', 'F3']","[7.534283, 8.287711300000002, 9.033605317000003]",5886984097.0,,https://www.tradingview.com/markets/stocks-usa/stock-screener/,F1 analyst consensus; F2-F3 conservative fade model,0.7005100510051006,"{""profit"": 2749725000.0, ""dividend"": 0.0, ""repurchase"": 2057033000.0, ""issuance"": 10757000.0, ""sbc"": 120066000.0}","2026-03-31,2025-03-31,2024-03-31",
NYSE:UHS,Universal Health Services,US,UHS,total_payout,医疗政策与劳动成本,"['F1', 'F2', 'F3']","[22.528523, 24.10551961, 25.551850786600003]",18607862604.0,,https://www.tradingview.com/markets/stocks-usa/stock-screener/,F1 analyst consensus; F2-F3 conservative fade model,0.602022690961039,"{""profit"": 3393598000.0, ""dividend"": 185165000.0, ""repurchase"": 2186068000.0, ""issuance"": 45453000.0, ""sbc"": 282757000.0}","2025-12-31,2024-12-31,2023-12-31",
NYSE:TJX,TJX,US,TJX,total_payout,高ROE资本结构复核,"['F1', 'F2', 'F3']","[5.283072, 5.65288704, 5.992060262400001]",64018909685.0,,https://www.tradingview.com/markets/stocks-usa/stock-screener/,F1 analyst consensus; F2-F3 conservative fade model,0.7398867313915858,"{""profit"": 14832000000.0, ""dividend"": 4974000000.0, ""repurchase"": 7519000000.0, ""issuance"": 962000000.0, ""sbc"": 557000000.0}","2026-01-31,2025-02-01,2024-02-03",
NYSE:ARCO,Arcos Dorados,US,ARCO,total_payout,拉美汇率与特许成本,"['F1', 'F2', 'F3']","[0.787395, 0.8503866, 0.909913662]",5289306357.0,,https://www.tradingview.com/markets/stocks-usa/stock-screener/,F1 analyst consensus; F2-F3 conservative fade model,0.26033249162130706,"{""profit"": 542149000.0, ""dividend"": 141139000.0, ""repurchase"": 0.0, ""issuance"": 0.0, ""sbc"": 0.0}","2025-12-31,2024-12-31,2023-12-31",
NASDAQ:GCT,GigaCloud,US,GCT,total_payout,治理与平台可替代性待核,"['F1', 'F2', 'F3']","[4.376667, 4.901867040000001, 5.392053744000001]",1547486000.0,,https://www.tradingview.com/markets/stocks-usa/stock-screener/,F1 analyst consensus; F2-F3 conservative fade model,0.1902134972347238,"{""profit"": 357288000.0, ""dividend"": 0.0, ""repurchase"": 92240000.0, ""issuance"": 0.0, ""sbc"": 24279000.0}","2025-12-31,2024-12-31,2023-12-31",
SSE:605499,东鹏饮料,A,605499,reinvestment,单品依赖待核,"['2026', '2027', '2028']","[7.539853658537, 8.690341463415, 9.94715]",,41.0,https://data.eastmoney.com/report/profitforecast.jshtml,Eastmoney broker consensus mean,0.6253939982188779,"{""cash_dividend_per_share"": 12.5, ""eps"": 19.9874}","2025,2024,2023",
SSE:600519,贵州茅台,A,600519,dividend,渠道库存待核,"['2026', '2027', '2028']","[67.656739130435, 71.522173913044, 75.208837209302]",,45.0,https://data.eastmoney.com/report/profitforecast.jshtml,Eastmoney broker consensus mean,0.6935973476443573,"{""cash_dividend_per_share"": 134.41223, ""eps"": 193.79}","2025,2024,2023",
SZSE:000333,美的集团,A,000333,dividend,稳健低增长,"['2026', '2027', '2028']","[6.159709677419, 6.650967741935, 7.160666666667]",,31.0,https://data.eastmoney.com/report/profitforecast.jshtml,Eastmoney broker consensus mean,0.6679035250463822,"{""cash_dividend_per_share"": 10.8, ""eps"": 16.17}","2025,2024,2023",
SSE:600809,山西汾酒,A,600809,dividend,白酒去库存,"['2026', '2027', '2028']","[8.762314285714, 9.482171428571, 10.450029411765]",,35.0,https://data.eastmoney.com/report/profitforecast.jshtml,Eastmoney broker consensus mean,0.593300833903703,"{""cash_dividend_per_share"": 16.990000000000002, ""eps"": 28.6364}","2025,2024,2023",
NYSE:MUSA,Murphy USA,US,MUSA,total_payout,高ROE、回购与燃油毛利复核,"['F1', 'F2', 'F3']","[34.906, 37.34942, 39.59038520000001]",23182536613.0,,https://www.tradingview.com/markets/stocks-usa/stock-screener/,F1 analyst consensus; F2-F3 conservative fade model,1.0069285574220537,"{""profit"": 1529900000.0, ""dividend"": 111700000.0, ""repurchase"": 1428800000.0, ""issuance"": 0.0, ""sbc"": 0.0}","2025-12-31,2024-12-31,2023-12-31",
NYSE:WSM,Williams-Sonoma,US,WSM,total_payout,高ROE回购与家居需求复核,"['F1', 'F2', 'F3']","[9.508993, 10.17462251, 10.7850998606]",8271767139.0,,https://www.tradingview.com/markets/stocks-usa/stock-screener/,F1 analyst consensus; F2-F3 conservative fade model,0.7944484660734324,"{""profit"": 3163450000.0, ""dividend"": 829017000.0, ""repurchase"": 1974440000.0, ""issuance"": 0.0, ""sbc"": 290259000.0}","2026-02-01,2025-02-02,2024-01-28",
NASDAQ:OMAB,OMA Airport,US,OMAB,dividend,墨西哥特许权与汇率,"['F1', 'F2', 'F3']","[7.384285, 7.9750278, 8.533279746000002]",1010935306.0,,https://www.tradingview.com/markets/stocks-usa/stock-screener/,F1 analyst consensus; F2-F3 conservative fade model,0.5710829344902987,"{""profit"": 21761067000.0, ""dividend"": 12427374000.0, ""repurchase"": 0.0, ""issuance"": 0.0, ""sbc"": 0.0}","2025-12-31,2024-12-31,2023-12-31",
SZSE:002032,苏泊尔,A,002032,dividend,内需与出口增长待核,"['2026', '2027', '2028']","[2.617857142857, 2.806428571429, 2.951538461538]",,14.0,https://data.eastmoney.com/report/profitforecast.jshtml,Eastmoney broker consensus mean,0.9996329377217668,"{""cash_dividend_per_share"": 8.17, ""eps"": 8.173}","2025,2024,2023",
SSE:605599,菜百股份,A,605599,dividend,金价与库存周转待核,"['2026', '2027', '2028']","[1.447333333333, 1.64, 1.771428571429]",,16.0,https://data.eastmoney.com/report/profitforecast.jshtml,Eastmoney broker consensus mean,0.6686930091185411,"{""cash_dividend_per_share"": 2.2, ""eps"": 3.29}","2025,2024,2023",
SZSE:300628,亿联网络,A,300628,reinvestment,科技硬闸门待核,"['2026', '2027', '2028']","[2.483333333333, 2.947777777778, 3.48375]",,9.0,https://data.eastmoney.com/report/profitforecast.jshtml,Eastmoney broker consensus mean,0.8883779264214046,"{""cash_dividend_per_share"": 5.1, ""eps"": 5.7408}","2025,2024,2023",
SSE:603605,珀莱雅,A,603605,reinvestment,品牌持续性待核,"['2026', '2027', '2028']","[4.556382352941, 4.537382352941, 4.988941176471]",,34.0,https://data.eastmoney.com/report/profitforecast.jshtml,Eastmoney broker consensus mean,0.41674418604651164,"{""cash_dividend_per_share"": 4.48, ""eps"": 10.75}","2025,2024,2023",
SZSE:000651,格力电器,A,000651,dividend,收入利润下滑,"['2026', '2027', '2028']","[5.21375, 5.499166666667, 5.779565217391]",,23.0,https://data.eastmoney.com/report/profitforecast.jshtml,Eastmoney broker consensus mean,0.5156923076923077,"{""cash_dividend_per_share"": 8.379999999999999, ""eps"": 16.25}","2025,2024,2023",
HKEX:9980,东鹏饮料H,HK,09980,reinvestment,新上市H股、流动性与税后回报待核,"['2026', '2027', '2028']","[7.125, 8.0655, 9.44]",,8.0,https://www.etnet.com.hk/www/eng/stocks/realtime/quote_profit.php?code=9980,median of current broker forecasts,0.7943262411347518,"{""profit"": 9781745000.0, ""dividend"": 5400135000.0, ""repurchase"": 0.0, ""issuance"": 0.0}","2025-12-31,2024-12-31,2023-12-31",0.7943262411347518
HKEX:1882,海天国际,HK,01882,cyclical,十年周期PB,"['2026', '2027', '2028']","[2.083, 2.2365, 2.383]",,6.0,https://www.etnet.com.hk/www/eng/stocks/realtime/quote_profit.php?code=1882,median of current broker forecasts,0.3512166528797436,"{""profit"": 8872997000.0, ""dividend"": 2802863000.0, ""repurchase"": 0.0, ""issuance"": 0.0}","2025-12-31,2024-12-31,2023-12-31",0.3512166528797436
HKEX:6690,海尔智家H,HK,06690,dividend,低增长,"['2026', '2027', '2028']","[2.09, 2.29, 2.5295]",,13.0,https://www.etnet.com.hk/www/eng/stocks/realtime/quote_profit.php?code=6690,median of current broker forecasts,0.6479795929599883,"{""profit"": 54881000000.0, ""dividend"": 24401000000.0, ""repurchase"": 3595000000.0, ""issuance"": 0.0}","2025-12-31,2024-12-31,2023-12-31",0.5824742268041238
SSE:600132,重庆啤酒,A,600132,dividend,高ROE与销量停滞复核,"['2026', '2027', '2028']","[2.522, 2.621724137931, 2.738571428571]",,30.0,https://data.eastmoney.com/report/profitforecast.jshtml,Eastmoney broker consensus mean,1.013157894736842,"{""cash_dividend_per_share"": 7.699999999999999, ""eps"": 7.6}","2025,2024,2023",
HKEX:2020,安踏体育,HK,02020,dividend,库存折扣待核,"['2026', '2027', '2028']","[5.18, 5.7, 6.295]",,19.0,https://www.etnet.com.hk/www/eng/stocks/realtime/quote_profit.php?code=2020,median of current broker forecasts,0.46278434940855323,"{""profit"": 39420000000.0, ""dividend"": 18952000000.0, ""repurchase"": 3916000000.0, ""issuance"": 10497000000.0}","2025-12-31,2024-12-31,2023-12-31",0.46278434940855323
HKEX:151,中国旺旺,HK,00151,dividend,成熟品牌,"['2027', '2028', '2029']","[0.32, 0.331, 0.34299999999999997]",,8.0,https://www.etnet.com.hk/www/eng/stocks/realtime/quote_profit.php?code=151,median of current broker forecasts,0.32790695629563554,"{""profit"": 12163109000.0, ""dividend"": 0.0, ""repurchase"": 334980000.0, ""issuance"": 0.0}","2026-03-31,2025-03-31,2024-03-31",0.30036630036630035
SSE:603444,吉比特,A,603444,reinvestment,游戏流水波动,"['2026', '2027', '2028']","[27.167586206897, 29.815172413793, 32.158148148148]",,29.0,https://data.eastmoney.com/report/profitforecast.jshtml,Eastmoney broker consensus mean,0.7982185680027407,"{""cash_dividend_per_share"": 46.6, ""eps"": 58.379999999999995}","2025,2024,2022",
HKEX:9961,携程,HK,09961,reinvestment,恢复性利润待正常化,"['2026', '2027', '2028']","[20.67, 27.908, 30.955]",,17.0,https://www.etnet.com.hk/www/eng/stocks/realtime/quote_profit.php?code=9961,median of current broker forecasts,0.2357852651835631,"{""profit"": 60279000000.0, ""dividend"": 1423000000.0, ""repurchase"": 8185000000.0, ""issuance"": 0.0}","2025-12-31,2024-12-31,2023-12-31",0.1
HKEX:322,康师傅,HK,00322,dividend,ROA偏低,"['2026', '2027', '2028']","[0.8, 0.855, 0.9]",,14.0,https://www.etnet.com.hk/www/eng/stocks/realtime/quote_profit.php?code=322,median of current broker forecasts,1.0,"{""profit"": 11352588000.0, ""dividend"": 10959347000.0, ""repurchase"": 0.0, ""issuance"": 20138000.0}","2025-12-31,2024-12-31,2023-12-31",1.0
SZSE:002847,盐津铺子,A,002847,dividend,品牌与渠道待核,"['2026', '2027', '2028']","[3.16634375, 3.7839375, 4.425870967742]",,32.0,https://data.eastmoney.com/report/profitforecast.jshtml,Eastmoney broker consensus mean,0.5784061696658098,"{""cash_dividend_per_share"": 4.5, ""eps"": 7.779999999999999}","2025,2024,2023",
HKEX:3998,波司登,HK,03998,dividend,季节/暖冬风险,"['2027', '2028', '2029']","[0.37, 0.39, 0.42]",,11.0,https://www.etnet.com.hk/www/eng/stocks/realtime/quote_profit.php?code=3998,median of current broker forecasts,0.7989130434782609,"{""profit"": 10582363000.0, ""dividend"": 7540171000.0, ""repurchase"": 390687000.0, ""issuance"": 841372000.0}","2026-03-31,2025-03-31,2024-03-31",0.7989130434782609
HKEX:700,腾讯,HK,00700,total_payout,质量高/价格一般,"['2026', '2027', '2028']","[25.616999999999997, 28.14, 30.18]",,19.0,https://www.etnet.com.hk/www/eng/stocks/realtime/quote_profit.php?code=700,median of current broker forecasts,0.6151490862046463,"{""profit"": 534131000000.0, ""dividend"": 92939000000.0, ""repurchase"": 232077000000.0, ""issuance"": 6662000000.0}","2025-12-31,2024-12-31,2023-12-31",0.19312714776632303
SZSE:002668,TCL智家,A,002668,dividend,家电盈利承压,"['2026', '2027', '2028']","[1.073333333333, 1.18, 1.286666666667]",,9.0,https://data.eastmoney.com/report/profitforecast.jshtml,Eastmoney broker consensus mean,0.14779083094555873,"{""cash_dividend_per_share"": 0.51579, ""eps"": 3.49}","2025,2017,2016",
HKEX:2589,沪上阿姨,HK,02589,reinvestment,新上市、门店单位经济待核,"['2026', '2027', '2028']","[5.6, 6.485, 7.23]",,2.0,https://www.etnet.com.hk/www/eng/stocks/realtime/quote_profit.php?code=2589,median of current broker forecasts,0.4693140794223827,"{""profit"": 1218150000.0, ""dividend"": 218767000.0, ""repurchase"": 0.0, ""issuance"": 287627000.0}","2025-12-31,2024-12-31,2023-12-31",0.4693140794223827
HKEX:1024,快手,HK,01024,reinvestment,混合平台附加闸门待核,"['2026', '2027', '2028']","[1.8425, 1.78, 1.9580000000000002]",,18.0,https://www.etnet.com.hk/www/eng/stocks/realtime/quote_profit.php?code=1024,median of current broker forecasts,0.5101920364480114,"{""profit"": 40348000000.0, ""dividend"": 1800000000.0, ""repurchase"": 9111000000.0, ""issuance"": 1549000000.0}","2025-12-31,2024-12-31,2023-12-31",0.32277258566978195
HKEX:999,小菜园,HK,00999,reinvestment,新上市、开店回报待核,"['2026', '2027', '2028']","[0.495, 0.605, 0.7020000000000001]",,6.0,https://www.etnet.com.hk/www/eng/stocks/realtime/quote_profit.php?code=999,median of current broker forecasts,0.610204081632653,"{""profit"": 1827773000.0, ""dividend"": 947031000.0, ""repurchase"": 0.0, ""issuance"": 779623000.0}","2025-12-31,2024-12-31,2023-12-31",0.610204081632653
HKEX:6110,滔搏,HK,06110,dividend,渠道与品牌议价待核,"['2027', '2028', '2029']","[0.18, 0.205, 0.22]",,13.0,https://www.etnet.com.hk/www/eng/stocks/realtime/quote_profit.php?code=6110,median of current broker forecasts,1.0,"{""profit"": 4765800000.0, ""dividend"": 6015300000.0, ""repurchase"": 0.0, ""issuance"": 0.0}","2026-02-28,2025-02-28,2024-02-29",1.0
NYSE:GAP,Gap,US,GAP,total_payout,品牌转型待证,"['F1', 'F2', 'F3']","[2.426745, 2.54808225, 2.6754863625000005]",15538163879.0,,https://www.tradingview.com/markets/stocks-usa/stock-screener/,F1 analyst consensus; F2-F3 conservative fade model,0.3209990749306198,"{""profit"": 2162000000.0, ""dividend"": 694000000.0, ""repurchase"": 230000000.0, ""issuance"": 84000000.0, ""sbc"": 368000000.0}","2026-01-31,2025-02-01,2024-02-03",
HKEX:1361,361度,HK,01361,dividend,治理与库存待核,"['2026', '2027', '2028']","[0.6837000000000001, 0.752, 0.85]",,5.0,https://www.etnet.com.hk/www/eng/stocks/realtime/quote_profit.php?code=1361,median of current broker forecasts,0.45198275579451197,"{""profit"": 3418926000.0, ""dividend"": 1343579000.0, ""repurchase"": 0.0, ""issuance"": 289000.0}","2025-12-31,2024-12-31,2023-12-31",0.45198275579451197
HKEX:1999,敏华控股,HK,01999,dividend,地产链与海外需求,"['2027', '2028', '2029']","[0.45, 0.48, 0.511]",,5.0,https://www.etnet.com.hk/www/eng/stocks/realtime/quote_profit.php?code=1999,median of current broker forecasts,0.5469256543978418,"{""profit"": 5590933631.26, ""dividend"": 3039526771.37, ""repurchase"": 207899111.5, ""issuance"": 7662376.95}","2026-03-31,2025-03-31,2024-03-31",0.5111111111111111
HKEX:1910,新秀丽,HK,01910,dividend,旅行消费与杠杆,"['F1', 'F2', 'F3']","[1.3744098502078266, 1.4568744412202963, 1.5442869076935142]",27625646231.668102,,https://www.tradingview.com/markets/stocks-hong-kong/stock-screener/,F1 analyst consensus; F2-F3 conservative fade model,0.18678813252497997,"{""profit"": 7326757870.0, ""dividend"": 383378460.0, ""repurchase"": 1434427360.0, ""issuance"": 449254400.0}","2025-12-31,2024-12-31,2023-12-31",
SSE:601717,中创智领,A,601717,cyclical,煤机与汽零分部待拆,"['2026', '2027', '2028']","[2.473333333333, 2.856666666667, 3.245]",,6.0,https://data.eastmoney.com/report/profitforecast.jshtml,Eastmoney broker consensus mean,0.4929361179361179,"{""cash_dividend_per_share"": 3.21, ""eps"": 6.5120000000000005}","2025,2024,2023",
