name,description,close,market_cap_basic,price_earnings_ttm,price_book_fq,return_on_equity,return_on_assets,free_cash_flow_ttm,cash_n_short_term_inv,total_debt,total_revenue_yoy_growth_ttm,net_income_yoy_growth_ttm,earnings_per_share_diluted_yoy_growth_ttm,dividends_yield_current,average_volume_30d_calc,sector,industry,symbol,market,traded_value_30d,quick_pr_roe,implied_roe_from_pe_pb,quick_pr_pe_pb,market_pr_factor,market_normalized_quick_pr,pr_path_gap_percent,model,fcf_positive,extreme_roe_review_required,roe_reliability_precheck,rank_penalty,screen_rank,stage1_tier,history_type,cycle_phase_status,history_years,history_status,historical_neutral_roe,historical_neutral_roa,historical_bear_roe,historical_bear_roa,bear_anchor_source,historical_neutral_pr,historical_bear_pr,historical_pr_path,weak_years,market_normalized_neutral_pr,market_normalized_bear_pr,stage2_rank,stage2_tier
BYD,Boyd Gaming Corporation,77.95,5663489335.8593645,3.430973392900372,2.2792297694600756,93.3309604757425,27.440204853376,35064000.0,,3258284000.0,1.7489530067105017,221.90196470927935,249.9830550249553,0.976989330248104,819220.5666666667,Consumer Services,Casinos/Gaming,NYSE:BYD,US,63858243.17166667,0.0367613638112307,66.43099518569363,0.0516471773952779,1.0,0.0367613638112307,28.822124140724338,stable_or_general,True,True,review_high_roa_supports_follow_up,0.15,0.1867613638112308,priority,stable,not_applicable,3,usable,53.309191084633326,15.8040172688,35.9717169145,9.49037565665,weak_history,0.06435988472331874,0.0953797507373735,pe,"2023,2024",0.06435988472331874,0.0953797507373735,0.08142081103104887,priority_refine
ARCO,Arcos Dorados Holdings Inc.,8.23,1714753326.2278788,6.753097562976944,2.086158603819977,36.3838238691034,7.068094536745139,95342940.0,,2199575000.00002,10.767117810403992,97.29127444576788,97.29642221142949,3.15151515151515,1058360.9,Consumer Services,Restaurants,NYSE:ARCO,US,8710310.207,0.1856071419890412,30.89187716252011,0.2186043123067383,1.0,0.1856071419890412,15.094473649447728,stable_or_general,True,True,not_triggered,0.0,0.1856071419890412,priority,stable,not_applicable,3,usable,35.15656386603333,5.900383782866666,31.126413845,5.645515018699999,weak_history,0.19208639355968116,0.21695713475395206,pe,"2024,2025",0.19208639355968116,0.21695713475395206,0.20576530121653017,priority_refine
HD,"Home Depot, Inc. (The)",318.955,318218105251.39545,22.319529194424227,19.156111301297873,104.29587273660302,13.586206567255402,15099000000.0,,62567000000.0,2.497364498891272,-2.7479663681728073,-2.925073024930372,2.91130883138932,3685312.533333333,Retail Trade,Home Improvement Chains,NYSE:HD,US,1175448859.0693333,0.2140020367900053,85.8266818015291,0.2600535023133864,1.0,0.2140020367900053,17.708458111010263,stable_or_general,True,True,review_high_roa_supports_follow_up,0.1,0.3140020367900052,priority,stable,not_applicable,3,usable,564.3589906498333,17.006719853,104.29587273660302,13.586206567255402,current_ttm,0.03954846040234837,0.2140020367900053,pe,"2025,2026",0.03954846040234837,0.2140020367900053,0.21549792741555968,priority_refine
MUSA,Murphy USA Inc.,524.74,9644903691.57155,15.976689877329568,12.32260453748198,86.3941769316909,12.7163342673479,541500000.0,,2762400000.0,10.265769303825085,25.83078491335372,35.93962120459587,0.488225157955198,285068.93333333335,Retail Trade,Specialty Stores,NYSE:MUSA,US,149587072.07733333,0.184927855611864,77.12864574637189,0.2071433994817821,1.0,0.184927855611864,10.724717237187132,stable_or_general,True,True,review_high_roa_supports_follow_up,0.0,0.184927855611864,priority,stable,not_applicable,3,usable,66.76620235456666,11.543140055799999,62.261442889499996,10.73571607425,weak_history,0.23929307514727619,0.25660648285463905,pe,"2024,2025",0.23929307514727619,0.25660648285463905,0.24881544938632577,priority_refine
ATMU,Atmus Filtration Technologies Inc.,48.02,3918216745.959457,18.36539564768425,8.61509094105785,55.7904292569057,13.4257092032581,190400000.0,,1056400000.0,13.050464175196383,14.111405835543769,15.536211391454197,0.470219435736677,649249.1,Producer Manufacturing,Auto Parts: OEM,NYSE:ATMU,US,31176941.782,0.3291854157119788,46.909367520999496,0.3915080637031137,1.0,0.3291854157119788,15.918611586604548,cyclical,True,True,review_high_roa_supports_follow_up,0.0,0.3291854157119788,priority,stable,not_applicable,3,usable,84.27422032196667,16.709393157466664,55.7904292569057,13.4257092032581,current_ttm,0.21792424275798586,0.3291854157119788,pe,"2023,2025",0.21792424275798586,0.3291854157119788,0.279117887882682,priority_refine
LMT,Lockheed Martin Corporation,528.235,121911757907.46936,19.46807256001828,13.856529109112016,89.1646574953907,10.3643257500824,8729000000.0,,20538000000.0,7.196147207839207,49.54804947668887,52.76697088614012,2.56121587390937,1028835.2,Electronic Technology,Aerospace & Defense,NYSE:LMT,US,543466761.872,0.2183384438057721,71.17565987281797,0.2735214902791951,1.0,0.2183384438057721,20.175031372158468,technology_strict,True,True,review_high_roa_supports_follow_up,0.0,0.2183384438057721,priority,technology,not_applicable,5,usable,76.433649579584,10.480011668566,64.06798807976666,11.625928914883334,weak_history,0.2547055212867704,0.3038658328989497,pe,"2021,2022",0.2547055212867704,0.3038658328989497,0.28174369267346905,priority_refine
GAP,"Gap, Inc. (The)",22.11,7766582049.682796,6.60552103250478,1.964214167749753,33.7757313109426,9.97520198384129,957000000.0,,5720000000.0,1.054991428194646,40.26996625421822,43.84185646755479,3.04659498207885,7166184.333333333,Retail Trade,Apparel/Footwear Retail,NYSE:GAP,US,158444335.60999998,0.1955700373055945,29.73594600765253,0.2221392596961554,1.0,0.1955700373055945,11.960615348634263,stable_or_general,True,False,not_triggered,0.0,0.1955700373055945,priority,stable,not_applicable,3,usable,24.235175093666665,6.164869933766666,21.947574041750002,5.5663768183,weak_history,0.2725592452695334,0.30096816258322484,pe,"2024,2026",0.2725592452695334,0.30096816258322484,0.2881841497920637,priority_refine
DECK,Deckers Outdoor Corporation,84.925,11565243972.055622,12.051569506726455,5.0447328355824,42.5584290402442,26.3324914256712,1117808000.0,,472334000.0,7.484361821074422,2.543375613462683,8.21585429527934,0.0,2393457.7333333325,Consumer Non-Durables,Apparel/Footwear,NYSE:DECK,US,203264398.00333324,0.2831770292867301,41.85955059850699,0.2879048946874337,1.0,0.2831770292867301,1.642162216740528,stable_or_general,True,True,review_high_roa_supports_follow_up,0.0,0.2831770292867301,priority,stable,not_applicable,3,usable,40.63289511686666,27.90743485473333,40.040458946550004,27.45442178145,weak_history,0.29659637769015046,0.30098479947030804,pe,"2024,2026",0.29659637769015046,0.30098479947030804,0.2990100096692372,priority_refine
600132,Chongqing Brewery Co.Ltd Class A,39.98,19112023161.0,16.65416979088561,12.215653024122703,72.5614725824339,9.40469682086705,2306202250.0,,120019179.32,-1.1255032737281108,7.749430700026232,7.746858168761205,6.33071663712332,4121401.3,Consumer Non-Durables,Beverages: Alcoholic,SSE:600132,A,164773623.97399998,0.229518078922193,73.34891608231358,0.2270540681500457,1.0,0.229518078922193,1.0852088193016085,stable_or_general,True,True,review_possible_equity_or_leverage_distortion,0.08,0.3095180789221931,priority,stable,not_applicable,3,usable,69.63333333333333,21.313101634699997,63.61,20.52777435505,weak_history,0.23916950393804134,0.2618168494086718,pe,"2023,2024",0.23916950393804134,0.2618168494086718,0.30162554394688806,priority_refine
OMAB,Grupo Aeroportuario del Centro Norte S.A.B. de C.V.,99.8,4795962521.73541,15.96391323821102,9.240963208373534,61.9717541048613,17.5688845729293,338139320.0,,816786494.026755,13.972101284123989,14.664879841322534,14.664074393353022,4.7902751738736,67104.46666666666,Transportation,Other Transportation,NASDAQ:OMAB,US,6697025.7733333325,0.2575998286444945,57.886578750969925,0.2757791802982229,1.0,0.2575998286444945,6.591995680772433,stable_or_general,True,True,review_high_roa_supports_follow_up,0.0,0.2575998286444945,priority,stable,not_applicable,3,usable,51.35815377623333,19.3007610535,49.254893182550006,18.5762837914,weak_history,0.31083502938531515,0.3241081688888264,pe,"2024,2025",0.31083502938531515,0.3241081688888264,0.31813525611224636,priority_refine
KTB,"Kontoor Brands, Inc.",74.335,4062676866.513031,15.528839123441056,6.567810087930107,40.9637108724128,8.49904034703548,423188000.0,,1272766000.0,15.6178946292964,6.632123115127926,6.733706437155801,2.86412379530338,691678.6333333333,Consumer Non-Durables,Apparel/Footwear,NYSE:KTB,US,51415931.20883333,0.3790877045248121,42.29427606095734,0.3671617194974529,1.0,0.3790877045248121,3.248155892635718,stable_or_general,True,True,review_possible_equity_or_leverage_distortion,0.0,0.3790877045248121,priority,stable,not_applicable,3,usable,61.67357117623333,13.324856636899998,40.9637108724128,8.49904034703548,current_ttm,0.2517908210482432,0.3790877045248121,pe,"2024,2026",0.2517908210482432,0.3790877045248121,0.3218041069603561,priority_refine
LULU,lululemon athletica inc.,101.35,12027199114.142649,8.307104685092291,2.362462602112114,30.8979519751313,17.715835759045,1354336000.0,,2141127000.0,1.741731226859486,-20.59487610247795,-16.471659489398405,0.0,3902693.7,Consumer Non-Durables,Apparel/Footwear,NASDAQ:LULU,US,395538006.495,0.26885615887352,28.439061401883215,0.2921019286713238,1.0,0.26885615887352,7.958102126727217,stable_or_general,True,True,not_triggered,0.1,0.3688561588735199,priority,stable,not_applicable,3,usable,39.47828557523333,22.925687512266663,30.8979519751313,17.715835759045,current_ttm,0.21042212355603776,0.26885615887352,pe,"2024,2026",0.21042212355603776,0.26885615887352,0.322560842980653,priority_refine
ADP,"Automatic Data Processing, Inc.",277.64,110296031197.19284,25.37170219959974,18.312305138249197,72.2371350006547,7.57258331574622,5244600000.0,,5514700000.0,6.743868215885492,8.18217472301206,9.619738344719812,2.34190385497126,2220780.533333333,Technology Services,Packaged Software,NASDAQ:ADP,US,616577507.2746665,0.35122796881922,72.17609994861948,0.3515249815058069,1.0,0.35122796881922,0.0844926256207023,technology_strict,True,True,review_possible_equity_or_leverage_distortion,0.0,0.35122796881922,priority,technology,not_applicable,5,usable,80.383564164592,7.039858282548,70.88943364343181,7.05017272015,weak_history,0.31563295884279374,0.3579052743913483,pe,"2022,2026",0.31563295884279374,0.3579052743913483,0.33888273239449873,priority_refine
SYY,Sysco Corporation,81.15,38878644428.47497,22.207323080291175,14.566322088934443,78.1138790035587,6.36566312011745,1938000000.0,,14967000000.0,3.910484079094518,-3.938730853391685,-2.142359809329979,2.67636901825358,3057245.3666666667,Distribution Services,Food Distributors,NYSE:SYY,US,248095461.50500005,0.2842942043536137,65.59242658950615,0.3385653532727211,1.0,0.2842942043536137,16.029740903639034,stable_or_general,True,True,review_possible_equity_or_leverage_distortion,0.1,0.3842942043536137,priority,stable,not_applicable,3,usable,92.76555304179999,7.210875405533333,78.1138790035587,6.36566312011745,current_ttm,0.23939191167528098,0.28429420435361374,pe,"2025,2026",0.23939191167528098,0.28429420435361374,0.34408817264836405,priority_refine
600961,"Zhuzhou Smelter Group Co., Ltd. Class A",25.37,28559874909.0,10.940532148863683,4.644478617457528,53.679940778415,27.0892523869734,2803095330.0,,1335391190.83,23.464480803310217,148.52706859556076,148.54233654876742,0.0,52378909.9,Non-Energy Minerals,Other Metals/Minerals,SSE:600961,A,1328852944.163,0.2038104362675253,42.45203573520797,0.2577151356675708,1.0,0.2038104362675253,20.91638865540969,cyclical,True,True,review_high_roa_supports_follow_up,0.0,0.2038104362675253,priority,stable,not_applicable,3,usable,32.89,9.300155086833334,29.854999999999997,10.4356379437,weak_history,0.3326400774966155,0.36645560706292696,pe,"2024,2025",0.3326400774966155,0.36645560706292696,0.3512386187580868,priority_refine
GCT,GigaCloud Technology Inc,50.87,1816579737.0,12.051932052405885,3.4485400141141347,32.3435187324092,13.2513299452503,160189910.0,,506256000.0,22.86391702488589,17.092139011026813,27.059000602046968,0.0,634760.6333333333,Distribution Services,Wholesale Distributors,NASDAQ:GCT,US,32290273.417666662,0.3726227857926131,28.61400146564646,0.4211900270877965,1.0,0.3726227857926131,11.530957091028093,stable_or_general,True,False,not_triggered,0.0,0.3726227857926131,priority,stable,not_applicable,3,usable,35.25556614193333,13.361089079566664,32.3435187324092,13.2513299452503,current_ttm,0.3418448027153135,0.37262278579261315,pe,"2024,2025",0.3418448027153135,0.37262278579261315,0.35877269340782836,priority_refine
CDW,CDW Corporation,151.245,18908261454.259228,18.179359584595417,7.760125438557785,44.0103477074125,6.64380928952507,860200000.0,,6429500000.0,7.414195801319115,0.3343549735302312,3.423584694562535,1.63721413721414,1821390.0,Technology Services,Information Technology Services,NASDAQ:CDW,US,275476130.55,0.4130701194513292,42.6864620970117,0.425881150405015,1.0,0.4130701194513292,3.0081234967789694,technology_strict,True,True,review_possible_equity_or_leverage_distortion,0.0,0.4130701194513292,priority,technology,not_applicable,5,usable,60.688333345454005,7.779225658436,44.0103477074125,6.64380928952507,current_ttm,0.2995527901732563,0.41307011945132927,pe,"2024,2025",0.2995527901732563,0.41307011945132927,0.3619873212761965,priority_refine
002668,"Guangdong TCL Smart Home Appliances Co., Ltd. Class A",9.27,10158124164.0,10.08485639686684,2.6251847824240055,28.90820095028,6.05686233298588,1479687900.0,,5129086626.04,0.6009284337096154,-9.280770751900558,-9.277536517962895,2.17491995731057,24142650.89999988,Consumer Durables,Electronics/Appliances,SZSE:002668,A,223802373.8429989,0.3488579733554522,26.03095848979661,0.3874177895070523,1.0,0.3488579733554522,9.953031893724674,stable_or_general,True,True,not_triggered,0.1,0.4488579733554523,priority,stable,not_applicable,3,usable,49.54666666666667,13.8981413128,28.90820095028,6.05686233298588,current_ttm,0.20354258066873332,0.34885797335545227,pe,"2024,2025",0.20354258066873332,0.34885797335545227,0.3634660466464288,priority_refine
CROX,"Crocs, Inc.",116.68,5594231569.504698,10.080519749801294,4.0531621473283455,42.29964170786991,13.4764265750107,704620000.0,,1689202000.0,-2.0251147769614413,150.88635316301037,210.80798045165275,0.0,1007095.4,Consumer Non-Durables,Apparel/Footwear,NASDAQ:CROX,US,117507891.272,0.2383121781366247,40.20786872034293,0.2507101239290785,1.0,0.2383121781366247,4.945131691594929,stable_or_general,True,True,review_high_roa_supports_follow_up,0.08,0.3183121781366247,priority,stable,not_applicable,3,usable,40.78124885126667,11.873228380099999,26.28556456165,9.14378114695,weak_history,0.24718516557857184,0.3835002183863506,pe,"2024,2025",0.24718516557857184,0.3835002183863506,0.3721584446228502,priority_refine
PEP,"PepsiCo, Inc.",138.11,188505167984.62292,18.113499547523183,8.537345244777205,51.589495507947504,9.60861290648818,9282000000.0,,53214000000.0,5.624284702163606,38.42384105960265,39.01002734731084,4.10477074703614,6822031.033333333,Consumer Non-Durables,Food: Specialty/Candy,NASDAQ:PEP,US,942190706.0136667,0.3511082899566782,47.13250038943794,0.3843101765842723,1.0,0.3511082899566782,8.639346197566411,stable_or_general,True,True,review_possible_equity_or_leverage_distortion,0.0,0.3511082899566782,priority,stable,not_applicable,3,usable,48.72879318576666,8.9883191568,46.883688903,8.6925686523,weak_history,0.37172066787022356,0.3863497086374561,pe,"2023,2025",0.37172066787022356,0.3863497086374561,0.3797666402922015,priority_refine
TJX,"TJX Companies, Inc. (The)",132.5,145746557561.99408,24.50663066195646,13.698686787022124,62.17144028283029,17.3342857142857,5876000000.0,,14317000000.0,7.661631419939577,21.97426618415762,23.37585286265203,1.36924124366442,6523539.2,Retail Trade,Apparel/Footwear Retail,NYSE:TJX,US,864368944.0,0.3941782681963118,55.89787913312644,0.4384178978166855,1.0,0.3941782681963118,10.090744433720978,stable_or_general,True,True,review_high_roa_supports_follow_up,0.0,0.3941782681963118,priority,stable,not_applicable,3,usable,62.19573307173333,15.831889653266666,60.55541725725,16.04678793625,weak_history,0.3940243076432878,0.4046975773917635,pe,"2025,2026",0.3940243076432878,0.4046975773917635,0.3998946060049494,priority_refine
002847,Yankershop Food Co. Ltd. Class A,45.45,11767557843.0,15.439228208438074,5.846757075926798,37.44584590495,19.198646413515,438642260.0,,1214645263.37,1.837936822751901,15.536413454631331,4.3013038548752816,3.15031503150315,4288477.7,Consumer Non-Durables,Food: Major Diversified,SZSE:002847,A,194911311.46500003,0.4123081702474546,37.86949060530981,0.4076956928032532,1.0,0.4123081702474546,1.131352998234214,stable_or_general,True,True,not_triggered,0.0,0.4123081702474546,priority,stable,not_applicable,3,usable,38.86666666666667,19.449196215833332,37.44584590495,19.198646413515,current_ttm,0.3972357171982352,0.4123081702474546,pe,"2023,2025",0.3972357171982352,0.4123081702474546,0.4055255663753059,priority_refine
ADBE,Adobe Inc.,265.38,105488550000.0,15.178535681398316,9.193142244286502,62.9539318993294,24.9104066161268,10280000000.0,,7065000000.0,11.49064200699084,5.2409375454942495,11.805369041681042,0.0,4639307.5,Technology Services,Packaged Software,NASDAQ:ADBE,US,1231179424.35,0.241105443670628,60.56672683882763,0.2506084854443179,1.0,0.241105443670628,3.791987233329907,technology_strict,True,True,review_high_roa_supports_follow_up,0.0,0.241105443670628,priority,technology,not_applicable,5,usable,42.005208337206,20.316036447328,33.55414014024167,17.997433223033333,weak_history,0.3613488965356224,0.4523595484181283,pe,"2021,2022",0.3613488965356224,0.4523595484181283,0.4114047550710007,priority_refine
2589,"Auntea Jenny (Shanghai) Industrial Co., Ltd. Class H",81.5,8610866893.0,12.374358507181682,3.4415921692165417,31.980933368923996,21.6384208443536,862658980.0,,169320508.341439,,,,4.22658032987172,521407.1666666667,Consumer Services,Restaurants,HKEX:2589,HK,42494684.083333336,0.3869292482628383,27.812287539747224,0.4449241540990536,0.8,0.4836615603285478,13.034784760933416,stable_or_general,True,True,not_triggered,0.0,0.4836615603285478,priority,stable,not_applicable,3,usable,43.075217363714664,23.80731712143833,31.980933368923996,21.6384208443536,current_ttm,0.28727326905157974,0.3869292482628383,pe,"2024,2025",0.35909158631447463,0.48366156032854785,0.4276050720222149,priority_refine
UHS,"Universal Health Services, Inc.",168.51,9929293550.170967,6.862162206186574,1.3217514512714847,20.985171749453,9.870469200880972,845400000.0,,5262175000.0,10.049655883844052,21.01634484765771,29.3490513363463,0.472785296377283,782180.0666666667,Health Services,Hospital/Nursing Management,NYSE:UHS,US,131805163.034,0.3270005262818706,19.261442844936855,0.3562641833963332,1.0,0.3270005262818706,8.214032866140709,stable_or_general,True,False,not_triggered,0.0,0.3270005262818706,priority,stable,not_applicable,3,usable,17.025121065233332,7.7287165116333325,14.859184203049999,6.6299817040499995,weak_history,0.4030609932166451,0.4618128500471813,pe,"2023,2024",0.4030609932166451,0.4618128500471813,0.43537451447344006,priority_refine
605499,Eastroc Beverage (Group) Co. Ltd. Class A,120.41,80459766012.82864,17.092767407197105,4.495278855874812,34.7901112009922,16.7155232750374,4888065410.0,,6059043393.62,20.743504365935337,23.582905520871936,27.145564479740106,2.86105785401951,8608623.766666668,Consumer Non-Durables,Beverages: Non-Alcoholic,SSE:605499,A,1036564387.7443334,0.4913110886150207,26.29930396163949,0.6499323112173934,1.0,0.4913110886150207,24.405806553186736,stable_or_general,True,True,not_triggered,0.0,0.4913110886150207,priority,stable,not_applicable,3,usable,44.78666666666666,17.004884999866665,34.7901112009922,16.7155232750374,current_ttm,0.38164857265251056,0.49131108861502076,pe,"2023,2024",0.38164857265251056,0.49131108861502076,0.4419629564318912,priority_refine
9980,Eastroc Beverage (Group) Co. Ltd. Class H,103.2,93818194736.0,13.633301187629629,3.333647747138942,34.314663942266,16.5577596000554,5464255960.0,,7002582197.79788,25.278432029610524,28.431947933165368,,2.13964226732378,732291.7333333329,Consumer Non-Durables,Beverages: Non-Alcoholic,HKEX:9980,HK,75572506.87999997,0.3973024830016546,24.452241619687644,0.5575481135706111,0.8,0.4966281037520682,28.741130436747863,stable_or_general,True,True,not_triggered,0.0,0.4966281037520682,priority,stable,not_applicable,3,usable,44.97377608768366,17.007063002720667,34.314663942266,16.5577596000554,current_ttm,0.30313890390367265,0.3973024830016546,pe,"2023,2024",0.3789236298795908,0.49662810375206823,0.44366109050945335,priority_refine
DRI,"Darden Restaurants, Inc.",218.63,24823633278.785316,21.04457642291292,11.29824089960105,53.7178011861556,8.3642591080283,1092700000.0,,8010600000.0,9.391638444276996,14.978561219628396,17.071219292314616,2.80682443588332,1044357.3,Consumer Services,Restaurants,NYSE:DRI,US,228327836.499,0.3917616871543994,53.68718605949107,0.3919850893208168,1.0,0.3917616871543994,0.0569925164256801,stable_or_general,True,True,review_possible_equity_or_leverage_distortion,0.0,0.3917616871543994,priority,stable,not_applicable,3,usable,48.584124529166665,9.264399898366666,46.17219458344999,9.15503423105,weak_history,0.4331574691703905,0.45578462563389094,pe,"2024,2025",0.4331574691703905,0.45578462563389094,0.44560240522531575,priority_refine
WSM,"Williams-Sonoma, Inc.",225.3,26535647429.632347,23.048829144032165,12.393366440986014,54.9610894488196,21.9677467615691,1343494000.0,,1527946000.0,2.24013280613107,3.564966411827534,7.441277657481413,1.27491470641049,1021145.0333333332,Retail Trade,Specialty Stores,NYSE:WSM,US,230063976.01,0.419366307603773,53.77004776919405,0.4286555452390226,1.0,0.419366307603773,2.1670634471950723,stable_or_general,True,True,review_high_roa_supports_follow_up,0.0,0.419366307603773,priority,stable,not_applicable,3,usable,51.278480686833326,20.238827678733333,50.566966513,19.717726083549998,weak_history,0.4494834643170379,0.4558080251483281,pe,"2024,2026",0.4494834643170379,0.4558080251483281,0.45296197277424755,priority_refine
600096,Yunnan Yuntianhua Co. Ltd. Class A,30.8,56366873284.0,10.535677635629746,2.210141391642795,22.1994945565664,10.3323958063094,5080829270.0,,14321972578.4,-15.203315212673548,1.451478021973386,1.4505830094391947,4.52781371280724,33145166.1,Transportation,Air Freight/Couriers,SSE:600096,A,1020871115.88,0.4745908790303242,20.977686182884895,0.502232588655345,1.0,0.4745908790303242,5.503766631119545,stable_or_general,True,False,not_triggered,0.08,0.5545908790303242,priority,stable,not_applicable,3,usable,24.493333333333332,10.9339592373,22.1994945565664,10.3323958063094,current_ttm,0.43014470477530264,0.47459087903032426,pe,"2023,2025",0.43014470477530264,0.47459087903032426,0.5045901006155645,priority_refine
CHKP,Check Point Software Technologies Ltd.,136.945,13982171382.986752,14.026794768055227,5.215067010059982,37.6388664549214,15.889323271826,1186974490.0,,1974900000.0,4.640775228998736,22.200209765745218,27.25293918302442,0.0,1076626.4,Technology Services,Internet Software/Services,NASDAQ:CHKP,US,147438602.348,0.3726678321955995,37.17932069510869,0.3772741003818445,1.0,0.3726678321955995,1.2209341117195516,technology_strict,True,False,not_triggered,0.0,0.3726678321955995,priority,technology,not_applicable,5,usable,31.201150162546,14.80281532076,25.13751862065,13.787182863608333,weak_history,0.4495601827170158,0.5580023621159043,pe,"2021,2022",0.4495601827170158,0.5580023621159043,0.5092033813864045,priority_refine
603444,"G-Bits Network Technology (Xiamen) Co., Ltd. Class A",399.9,27444776668.0,12.807455803228285,4.737795762735359,39.4799594237808,26.12710713473,3034145910.0,,24240639.42,74.27627798657514,109.04808114480116,109.59643422925112,5.14489710205796,2026329.3,Technology Services,Packaged Software,SSE:603444,A,810329087.0699999,0.324403975843848,36.9924818443733,0.3462178033122789,1.0,0.324403975843848,6.300608247102602,technology_strict,True,False,not_triggered,0.0,0.324403975843848,priority,technology,not_applicable,5,usable,28.8942,24.408644193371998,22.468571428571426,19.476177705999998,weak_history,0.4432535181188018,0.5700164714051247,pe,"2023,2024",0.4432535181188018,0.5700164714051247,0.5129731424262793,priority_refine
605599,"Beijing Caishikou Department Store Co., Ltd. Class A",14.9,11526667233.0,10.429791404171915,2.620102693957938,26.605560253934403,13.5312390809598,1043080240.0,,155569572.35,41.332755362045255,42.82847173132896,42.83143371325736,5.26315789473684,11282621.133333333,Retail Trade,Specialty Stores,SSE:605599,A,168111054.88666666,0.3920154773899026,25.121333614686648,0.4151766607674985,1.0,0.3920154773899026,5.578633282222533,stable_or_general,True,False,not_triggered,0.0,0.3920154773899026,priority,stable,not_applicable,3,usable,21.673333333333332,12.195794439999998,19.275,11.3701311156,weak_history,0.48122691806391493,0.5411046124084004,pe,"2023,2024",0.48122691806391493,0.5411046124084004,0.5141596499533819,priority_refine
564,ZCZL Industrial Technology Group Company Limited Class H,12.38,28215927101.0,5.741848708315941,0.7897145736785198,14.7077940194998,6.63634662972856,932796680.0,,13790131779.707998,8.982631507688065,-18.28642253303251,-17.536143195899946,11.5044497991968,1293164.7666666666,Producer Manufacturing,Auto Parts: OEM,HKEX:564,HK,16009379.811333334,0.3903949634257399,13.75366391202146,0.4174777532041662,0.8,0.4879937042821748,6.4872414327624135,cyclical,True,False,not_triggered,0.1,0.5879937042821749,priority,stable,not_applicable,3,usable,18.196764612765666,7.859287481875666,14.7077940194998,6.63634662972856,current_ttm,0.3155422862527899,0.3903949634257399,pe,"2023,2024",0.3944278578159874,0.48799370428217487,0.5258890733723905,priority_refine
603605,"Proya Cosmetics Co., Ltd. Class A",63.04,24807136694.0,13.605265997625985,3.677572988506418,30.029211999615,19.4694412703874,1741721450.0,,929364858.36,-4.744642787298599,13.23970257740186,10.471353980401965,3.18877551020408,5950118.633333329,Consumer Non-Durables,Household/Personal Care,SSE:603605,A,375095478.64533305,0.4530676994721145,27.030511488331992,0.5033299500639802,1.0,0.4530676994721145,9.985944723829087,stable_or_general,True,False,not_triggered,0.08,0.5330676994721145,priority,stable,not_applicable,3,usable,29.423333333333332,19.79848369633333,27.87,19.0247954271,weak_history,0.4623971676999882,0.48816885531489,pe,"2023,2025",0.4623971676999882,0.48816885531489,0.5265715958881843,priority_refine
SFM,"Sprouts Farmers Market, Inc.",79.075,7373555869.678695,15.151369994251771,4.937845282304873,35.1974264427963,12.393553360845,355179000.0,,2106293000.0,7.20446395946375,3.6950886808910774,7.524001813012498,0.0,1718981.7333333334,Retail Trade,Food Retail,NASDAQ:SFM,US,135928480.56333333,0.4304681201302073,32.59009108864892,0.4649072613218,1.0,0.4304681201302073,7.407744308763253,stable_or_general,True,False,not_triggered,0.0,0.4304681201302073,priority,stable,not_applicable,3,usable,30.9444127176,10.8148781774,27.19913864455,9.5080380725,weak_history,0.48963184832505324,0.557053302027552,pe,"2023,2024",0.48963184832505324,0.557053302027552,0.5267136478614276,priority_refine
6110,Topsports International Holdings Limited,1.12,6914362776.0,5.0269299820466795,0.7060143598277829,14.166469915986102,8.64742532992503,2745118910.0,,3980959430.10926,-3.552403351753338,-0.6077116410583117,-0.6244424620874274,15.6412556053812,30883283.733333334,Retail Trade,Apparel/Footwear Retail,HKEX:6110,HK,34589277.781333335,0.3548470445960612,14.044642800859824,0.3579250859793264,0.8,0.4435588057450765,0.8599680502536677,stable_or_general,True,False,not_triggered,0.18,0.6235588057450765,priority,stable,not_applicable,3,usable,16.806524279307332,10.530576826932,13.966296008697999,8.740162491766501,weak_history,0.29910586499053693,0.359932939908762,pe,"2025,2026",0.37388233123817116,0.4499161748859525,0.5457009452444509,priority_refine
601717,ZCZL Industrial Technology Group Company Limited Class A,14.47,24198364707.079033,7.5164926497324815,1.0906711811056855,14.8006840965094,6.72909152590591,1410049700.0,,11945135810.06,5.503017541284894,-21.128874412482613,-20.49969027462317,8.68658790826963,19203998.133333333,Producer Manufacturing,Auto Parts: OEM,SSE:601717,A,277881852.98933333,0.5078476508734603,14.510373813037702,0.5180082020339714,1.0,0.5078476508734603,1.9614653051081896,cyclical,True,False,not_triggered,0.1,0.6078476508734603,priority,stable,not_applicable,3,usable,18.12333333333333,8.259486911966667,14.8006840965094,6.72909152590591,current_ttm,0.41474117986384856,0.5078476508734603,pe,"2023,2024",0.41474117986384856,0.5078476508734603,0.545949738919135,priority_refine
PDD,PDD Holdings Inc.,81.895,116191849284.0,9.084001641653632,1.7663927045037136,22.9436193816255,15.1072366213241,,,713885695.75854,13.529529753296712,-1.594457918651893,-1.6988147550457338,0.0,6263739.666666667,Retail Trade,Department Stores,NASDAQ:PDD,US,512968960.00166667,0.3959271416840446,19.445094509936297,0.4671616091663517,1.0,0.3959271416840446,15.248356475487078,hybrid_platform,False,True,not_triggered,0.35,0.7459271416840446,watch,stable,not_applicable,3,usable,37.07066319716667,21.371127550066664,22.9436193816255,15.1072366213241,current_ttm,0.24504556590581655,0.39592714168404464,pe,"2023,2025",0.24504556590581655,0.39592714168404464,0.558030432583842,priority_refine
300926,"Jiangsu Bojun Industrial Technology Co., Ltd. Class A",17.69,7752722878.0,10.0158532442532,2.08924587554047,23.2627461300012,8.64004283766324,-248530670.0,,5094418139.22,73.36055499523101,74.34838203849795,60.37410333242532,1.23249299719888,3853897.3333333354,Producer Manufacturing,Auto Parts: OEM,SZSE:300926,A,68175443.82666671,0.4305533486150236,20.859389855170026,0.4801604128306158,1.0,0.4305533486150236,10.331352375167969,cyclical,False,False,not_triggered,0.25,0.6805533486150237,watch,stable,not_applicable,3,usable,26.24,9.446460894333333,23.2627461300012,8.64004283766324,current_ttm,0.3817017242474543,0.4305533486150237,pe,"2023,2025",0.3817017242474543,0.4305533486150237,0.5585701176496175,priority_refine
151,Want Want China Holdings Limited,3.085,35846523498.0,8.624545708694436,1.6124058558817536,20.2897950586787,13.6967055420816,4230424600.000001,,3191310498.97224,5.79956317923007,-9.740338289237712,-9.694521585458212,3.53846153846154,14909640.433333334,Consumer Non-Durables,Food: Meat/Fish/Dairy,HKEX:151,HK,45996240.736833334,0.4250681529188436,18.695545369494432,0.461315545400838,0.8,0.5313351911485545,7.857396708905384,stable_or_general,True,False,not_triggered,0.1,0.6313351911485545,priority,stable,not_applicable,3,usable,23.845463807578664,14.849237215665667,20.2897950586787,13.6967055420816,current_ttm,0.361684963575896,0.42506815291884364,pe,"2025,2026",0.45210620446987,0.5313351911485545,0.5756821471431465,priority_refine
002032,"Zhejiang Supor Co., Ltd. Class A",40.02,31287994843.0,15.745986779981116,6.339008662678255,39.8164994657632,16.4658414028274,2446577040.0,,2832032531.79,-1.0289337374436742,-9.7787767427669,-9.535504538174054,6.65822784810127,2163633.3333333335,Consumer Durables,Electronics/Appliances,SZSE:002032,A,86588606.00000001,0.3954638652632066,40.25793207661932,0.3911275608993822,1.0,0.3954638652632066,1.108667554353171,stable_or_general,True,False,not_triggered,0.18,0.5754638652632066,priority,stable,not_applicable,3,usable,35.656666666666666,16.48384599523333,34.849999999999994,16.2122081077,weak_history,0.4416000779652552,0.45182171535096466,pe,"2023,2025",0.4416000779652552,0.45182171535096466,0.5772219785273954,priority_refine
600809,Shanxi Xinghuacun Fen Wine Factory Co. Ltd. Class A,122.56,142129956505.0,14.686638705811864,3.925251125114818,27.5297850145974,16.9026071578808,9011990740.0,,2089534575.06,-3.841255415088191,-17.486558150664994,-17.486527908241452,5.60875512995896,8959704.733333344,Consumer Non-Durables,Beverages: Alcoholic,SSE:600809,A,1098101412.1173346,0.5334817797532533,26.726681330844613,0.5495122467323458,1.0,0.5334817797532533,2.917217418613882,stable_or_general,True,True,not_triggered,0.18,0.7134817797532533,priority,stable,not_applicable,3,usable,38.739999999999995,24.464947142566665,27.5297850145974,16.9026071578808,current_ttm,0.3791078654055722,0.5334817797532533,pe,"2024,2025",0.3791078654055722,0.5334817797532533,0.5940135182967968,priority_refine
1910,Samsonite Group S.A.,12.51,16941085406.999998,8.552091878589007,1.3300558602197408,17.723640066972,5.01604210284121,3851009140.0,,18325302440.1221,1.2738061782196628,-10.986337786593156,-9.216160863898706,6.57799671592775,4042393.2666666666,Consumer Durables,Other Consumer Specialties,HKEX:1910,HK,50570339.765999995,0.4825245743128032,15.552403775615003,0.5498887504449982,0.8,0.603155717891004,12.250509958183445,stable_or_general,True,False,not_triggered,0.1,0.703155717891004,watch,stable,not_applicable,3,usable,25.32995575460033,6.969921193429666,17.723640066972,5.01604210284121,current_ttm,0.33762758851388075,0.4825245743128032,pe,"2024,2025",0.4220344856423509,0.603155717891004,0.6016511633791101,priority_refine
GOOG,Alphabet Inc.,337.38,4148833339254.288,16.949254721104428,6.628823416262721,48.675697331861,34.2975879823263,53273000000.0,,117348446000.0,20.23118740133723,111.2993519247575,112.01789423230548,0.250678306004483,16982350.46666666,Technology Services,Internet Software/Services,NASDAQ:GOOG,US,5729505400.443998,0.3482077432922605,39.10982238061959,0.4333759063427358,1.0,0.3482077432922605,19.652260728846315,technology_strict,True,True,review_high_roa_supports_follow_up,0.0,0.3482077432922605,priority,technology,not_applicable,5,usable,31.475594804726,22.250570250966,25.72186933985625,18.057333790706252,weak_history,0.5384887823806758,0.658943348835126,pe,"2022,2023",0.5384887823806758,0.658943348835126,0.6047387939306235,priority_refine
MKC,"McCormick & Company, Incorporated",51.925,13961725150.62048,8.641923941083466,1.9955565479427415,25.6950067476383,10.9102553299065,1019900000.0,,4933500000.0,9.536097763540369,108.66425992779784,108.650206618745,3.59452263217954,2609712.8666666667,Consumer Non-Durables,Food: Specialty/Candy,NYSE:MKC,US,135509340.60166666,0.3363269769087634,23.091577310185773,0.3742457184711883,1.0,0.3363269769087634,10.132044186724375,stable_or_general,True,False,not_triggered,0.0,0.3363269769087634,priority,stable,not_applicable,3,usable,14.385442246833332,5.727412953233333,14.03350886905,5.5794661439999995,weak_history,0.6007409291143491,0.6158063547558424,pe,"2023,2025",0.6007409291143491,0.6158063547558424,0.6090269132171705,priority_refine
GOOGL,Alphabet Inc.,340.64,4147336359812.1714,17.11303019798747,6.692875714374691,48.675697331861,34.2975879823263,53273000000.0,,117348446000.0,20.23118740133723,111.2993519247575,112.01789423230548,0.248189675309507,25059201.466666702,Technology Services,Internet Software/Services,NASDAQ:GOOGL,US,8536166387.605345,0.3515723684719771,39.109822380619576,0.4375634854958491,1.0,0.3515723684719771,19.65226072884633,technology_strict,True,True,review_high_roa_supports_follow_up,0.0,0.3515723684719771,priority,technology,not_applicable,5,usable,31.475594804726,22.250570250966,25.72186933985625,18.057333790706252,weak_history,0.5436920351833345,0.6653105173608315,pe,"2022,2023",0.5436920351833345,0.6653105173608315,0.6105822003809579,priority_refine
999,Xiaocaiyuan International Holding Ltd.,7.59,8729769577.0,12.851337622756516,3.209234477072366,25.8145146964274,15.5930643871414,,,1541021651.35438,,,,7.76415094339623,2629422.7333333334,Consumer Services,Restaurants,HKEX:999,HK,19957318.546,0.4978337874596991,24.971987907232407,0.5146301395987183,0.8,0.6222922343246239,3.2637715607010676,stable_or_general,False,True,not_triggered,0.25,0.8722922343246239,watch,stable,not_applicable,3,usable,60.289434892718326,22.72062472655633,25.8145146964274,15.5930643871414,current_ttm,0.21316069134873716,0.4978337874596991,pe,"2024,2025",0.26645086418592145,0.6222922343246238,0.6121636177622077,priority_refine
1361,361 Degrees International Ltd.,4.445,9559476781.0,5.964841653247451,0.7344497410011318,12.8441046271852,9.24275152552987,747174180.0,,553880753.161199,13.070118241531627,18.224686344318812,17.557974443918592,7.59637188208617,3846010.7333333334,Consumer Non-Durables,Apparel/Footwear,HKEX:1361,HK,17095517.70966667,0.464403072567827,12.312979684905365,0.4844352712251953,0.8,0.5805038407097837,4.135165180418121,stable_or_general,True,False,not_triggered,0.0,0.5805038407097837,priority,stable,not_applicable,3,usable,12.398776359444998,8.541334743457334,11.869839915048999,8.107998570734,weak_history,0.48108309080868467,0.5025208171245018,pe,"2023,2024",0.6013538635108558,0.6281510214056272,0.6160923003529801,priority_refine
1318,"Mao Geping Cosmetics Co., Ltd. Class H",50.4,35279896544.0,16.42978224018777,4.308126802532221,29.3004445555415,24.300789652431,1301336250.0,,104905072.434934,32.223519859219564,31.749800285307444,30.536170212765956,2.3237067209776,3053046.6333333333,Consumer Non-Durables,Household/Personal Care,HKEX:1318,HK,153873550.32,0.5607349133916283,26.22144797509492,0.6265779927863917,0.8,0.7009186417395353,10.508361313802183,stable_or_general,True,True,not_triggered,0.0,0.7009186417395353,watch,stable,not_applicable,3,usable,37.92980282552867,29.048889846856333,29.3004445555415,24.300789652431,current_ttm,0.4331628697297023,0.5607349133916283,pe,"2024,2025",0.5414535871621279,0.7009186417395353,0.629159367179702,priority_refine
3998,Bosideng International Holdings Limited,4.345,49972548187.0,11.494708994708994,2.440202404820874,22.6902973751023,14.0336271808393,6247051230.0,,7253272245.8238,8.077352320679388,16.446029820440586,13.71841155234658,7.28754365541327,21081326.433333337,Consumer Non-Durables,Apparel/Footwear,HKEX:3998,HK,91598363.35283332,0.5065913771285322,21.22891850454063,0.5414646531452086,0.8,0.6332392214106652,6.440545253343477,stable_or_general,True,False,not_triggered,0.0,0.6332392214106652,watch,stable,not_applicable,3,usable,23.007786491112,13.473279346841332,22.6902973751023,14.0336271808393,current_ttm,0.4996008198854525,0.5065913771285322,pe,"2025,2026",0.6245010248568156,0.6332392214106652,0.629307032961433,priority_refine
002555,"37 Interactive Entertainment Network Technology Group Co., Ltd.",18.67,39548875512.0,12.573237255034009,2.914782804186546,24.1145951515891,14.9938047341424,2938140470.0,,4523860072.46,-11.554227990674292,16.29316460712919,16.298558897243122,5.62841530054645,41359013.39999998,Technology Services,Packaged Software,SZSE:002555,A,772172780.1779997,0.521395328264736,23.182436989483676,0.5423604628252693,1.0,0.521395328264736,3.865535192466185,technology_strict,True,False,not_triggered,0.08,0.601395328264736,priority,technology,not_applicable,5,usable,22.6582,15.488500534656001,20.687142857142852,14.095036771328571,weak_history,0.5549089184063168,0.6077802692164773,pe,"2023,2024",0.5549089184063168,0.6077802692164773,0.6339881613519052,priority_refine
2020,ANTA Sports Products Ltd.,76.1,210552058911.0,11.980855820397368,2.606071564574412,24.1578948465741,12.919034907579602,22944036750.0,,38137738077.34251,16.637270096937968,11.792863489284937,12.530782177340772,3.2300593276203,7415774.466666667,Consumer Non-Durables,Apparel/Footwear,HKEX:2020,HK,564340436.9133333,0.49593956329752,21.7519649985069,0.5507941843975825,0.8,0.6199244541219,9.959186689681266,stable_or_general,True,False,not_triggered,0.0,0.6199244541219,watch,stable,not_applicable,3,usable,24.237861777737997,13.126833995015666,22.578068585645,12.0766151836355,weak_history,0.49430333130299264,0.5306413068483069,pe,"2023,2025",0.6178791641287408,0.6633016335603836,0.6428615223161445,priority_refine
1024,Kuaishou Technology Class B,33.66,143052486602.0,8.459837136825172,1.5318835204194243,20.3330855425658,8.74060216587576,,,74292253677.0124,11.31210309805611,0.7153043130117971,-0.7136796925687358,2.10622710622711,52393051.53333333,Commercial Services,Advertising/Marketing Services,HKEX:1024,HK,1763550114.6119998,0.4160626344248212,18.107718808808105,0.4671950799628095,0.8,0.5200782930310265,10.944559934590623,hybrid_platform,False,False,not_triggered,0.25,0.7700782930310265,watch,stable,not_applicable,3,usable,22.768851148483666,10.410514610280666,20.3330855425658,8.74060216587576,current_ttm,0.37155309601066855,0.4160626344248212,pe,"2023,2025",0.4644413700133357,0.5200782930310265,0.6450416776730656,priority_refine
000848,"Cheng De Lolo Co., Ltd. Class A",8.42,8354051982.000001,12.804136253041364,2.663132691693366,20.1610274986107,14.852129012082802,694353140.0,,735553754.44,9.636784179918614,5.6217111045066375,8.318234228298467,5.95238095238095,19431001.033333305,Consumer Non-Durables,Food: Major Diversified,SZSE:000848,A,163609028.70066643,0.6350934372726638,20.799003064816596,0.6156129797730895,1.0,0.6350934372726638,3.164400059718475,stable_or_general,True,False,not_triggered,0.0,0.6350934372726638,watch,stable,not_applicable,3,usable,20.116666666666667,14.6057339473,19.165,13.9266212344,weak_history,0.6364939313856519,0.6680999871140811,pe,"2024,2025",0.6364939313856519,0.6680999871140811,0.653877262036288,priority_refine
322,Tingyi (Cayman Islands) Holding Corp.,12.55,71256570060.0,13.569034490215158,4.742273495036673,36.0576208232554,7.985451018050591,6882429180.0,,20329164161.5793,3.527495131736362,17.29880393984028,17.268923545074184,3.64620253164557,20384793.066666663,Consumer Non-Durables,Beverages: Non-Alcoholic,HKEX:322,HK,255829152.98666668,0.3763153025743672,34.949233112027244,0.3882498493377693,0.8,0.4703941282179589,3.0739346798868583,stable_or_general,True,False,not_triggered,0.0,0.4703941282179589,priority,stable,not_applicable,3,usable,26.747072660653664,6.980332432191666,24.712063237281498,6.306602624667001,weak_history,0.5073091422889022,0.5490854551450172,pe,"2023,2024",0.6341364278611278,0.6863568189312714,0.6628576429497068,priority_refine
002517,"Kingnet Network Co., Ltd. Class A",17.41,36216891971.0,15.539093181006782,3.5202012236793685,25.4845576565048,19.5788560988834,2899287440.0,,857971454.32,46.7317330685296,34.61859386552329,34.98795180722893,0.586510263929619,77916621.06666665,Technology Services,Packaged Software,SZSE:002517,A,1356528372.7706664,0.6097454541079903,22.65383946588377,0.6859364040434888,1.0,0.6097454541079903,11.107582202426435,technology_strict,True,False,not_triggered,0.0,0.6097454541079903,watch,technology,not_applicable,5,usable,25.0618,21.930099725108,22.06863636363636,18.76452136401364,weak_history,0.6200310105821123,0.7041256616385847,pe,"2021,2025",0.6200310105821123,0.7041256616385847,0.6662830686631722,priority_refine
300628,Yealink Network Technology Co. Ltd. Class A,42.08,52795564683.0,18.48532771041996,5.779283028300358,32.3973539415752,29.3227751259034,1812548340.0,,5716193.569999999,20.59785435142559,14.131107312377456,14.185393258426974,4.30416068866571,14367558.766666671,Electronic Technology,Telecommunications Equipment,SZSE:300628,A,604586872.9013335,0.5705814043874097,31.26416322629025,0.5912625128209259,1.0,0.5705814043874097,3.497787866652702,technology_strict,True,False,not_triggered,0.0,0.5705814043874097,priority,technology,not_applicable,5,usable,28.779600000000002,25.977942639806,26.575714285714284,23.736692129164286,weak_history,0.642306623803665,0.6955721871361593,pe,"2021,2023",0.642306623803665,0.6955721871361593,0.671602683636537,priority_refine
603816,"Jason Furniture (Hangzhou) Co., Ltd. Class A",23.74,18410587691.0,11.450897163804743,1.8756197090182227,16.7926436317358,8.94331911482498,1664144750.0,,2911430291.51,4.111145072270413,9.998556169971067,9.739572305737877,6.05263157894737,8052253.633333332,Consumer Durables,Home Furnishings,SSE:603816,A,191160501.25533327,0.6818996112181,16.3796747293032,0.6990918533515881,1.0,0.6818996112181,2.4592250719365327,stable_or_general,True,False,not_triggered,0.0,0.6818996112181,watch,stable,not_applicable,3,usable,18.09,10.315116170033333,16.2,9.33556069395,weak_history,0.6329959736763263,0.7068455039385645,pe,"2024,2025",0.6329959736763263,0.7068455039385645,0.6736132153205574,priority_refine
603195,"Goneo Group Co., Ltd.Class A",39.3,69512118086.0,17.05285082009893,4.666222603752212,27.844662883921306,19.9776811559371,4734890460.0,,1148467472.67,-1.9696129451374973,1.6832950937470084,1.533174729051025,4.92610837438424,4468924.800000007,Producer Manufacturing,Electrical Products,SSE:603195,A,175628744.64000028,0.6124279863322021,27.363299268720993,0.6232015610629253,1.0,0.6124279863322021,1.7287464287393584,cyclical,True,False,not_triggered,0.08,0.692427986332202,watch,stable,not_applicable,3,usable,27.583333333333332,20.457245453966664,26.775,20.07370511,weak_history,0.6182302412120457,0.6368945217590637,pe,"2024,2025",0.6182302412120457,0.6368945217590637,0.6784955955129057,priority_refine
1999,Man Wah Holdings Limited,3.055,11743271087.0,6.5389554794520555,0.8353887634058705,13.478910261337202,8.49589861527141,1070727000.0,,4840131000.0,-2.8007114157473696,-12.129930083966157,-12.163940590336535,7.85597381342062,5989726.7,Consumer Durables,Home Furnishings,HKEX:1999,HK,18298615.0685,0.48512493611656,12.775568912053116,0.5118328212595585,0.8,0.6064061701457,5.218087632065805,stable_or_general,True,False,not_triggered,0.18,0.7864061701456999,watch,stable,not_applicable,3,usable,16.531780975529,10.191103119726332,13.478910261337202,8.49589861527141,current_ttm,0.39553847762266375,0.48512493611656005,pe,"2025,2026",0.49442309702832965,0.6064061701457,0.6860137872428833,priority_refine
9992,Pop Mart International Group Limited,154.0,202027454901.0,13.921281481079712,7.695548125409451,69.7916786788645,49.6893679371344,,,4308044625.607921,86.7846714534374,101.54528423177528,101.92760527900992,1.77627118644068,11289569.066666666,Consumer Services,Movies/Entertainment,HKEX:9992,HK,1738593636.266667,0.1994690734569706,55.27902108630158,0.2518366137371682,0.8,0.2493363418212132,20.7942520760113,stable_or_general,False,True,review_high_roa_supports_follow_up,0.25,0.4993363418212132,watch,stable,not_applicable,3,usable,42.028734598258666,30.410824710380666,24.2833677369015,18.4177317253925,weak_history,0.3312324678377659,0.5732846297066386,pe,"2023,2024",0.41404058479720734,0.7166057871332983,0.7304514460820574,priority_refine
600519,"Kweichow Moutai Co., Ltd. Class A",1330.0,1623706079190.0,20.446062365102108,6.6172528698602795,33.2451371632829,27.085589260476,116933614800.0,,25670001536.23,-4.702317582417921,-9.452899828088526,-9.18759240153958,4.00200403424489,3710890.566666666,Consumer Non-Durables,Beverages: Alcoholic,SSE:600519,A,4935484453.666666,0.6150091144061652,32.364436494895884,0.6317447352536666,1.0,0.6150091144061652,2.6491112491474067,stable_or_general,True,False,not_triggered,0.18,0.7950091144061653,watch,stable,not_applicable,3,usable,34.24666666666667,29.65657938853333,33.2451371632829,27.085589260476,current_ttm,0.5970234289985041,0.6150091144061652,pe,"2023,2025",0.5970234289985041,0.6150091144061652,0.7369155559727177,priority_refine
303,VTech Holdings Limited,50.2,12601617611.0,12.148786331405338,2.505512626885249,20.7492096904964,10.2374935389482,721847170.0,,994137360.0,-6.746215076510219,-14.364563832231203,-14.488224825131407,8.33850160901046,696012.4666666667,Consumer Durables,Recreational Products,HKEX:303,HK,34939825.82666667,0.5855059789081871,20.623563198311825,0.5890731012185032,0.8,0.7318824736352338,0.6055483271834139,stable_or_general,True,False,not_triggered,0.18,0.9118824736352338,watch,stable,not_applicable,3,usable,23.707359145978,11.767757248867666,20.7492096904964,10.2374935389482,current_ttm,0.5124478967311045,0.5855059789081871,pe,"2025,2026",0.6405598709138806,0.7318824736352338,0.8207873024106249,priority_refine
590,Luk Fook Holdings (International) Limited,21.98,12669786022.0,6.307935141340221,0.8594861383420755,14.500206521471402,10.1847526641997,-102938000.0,,4751020000.0,28.96230838160763,86.00399685779333,85.99871890680049,7.27525486561631,1634080.5333333334,Retail Trade,Specialty Stores,HKEX:590,HK,35917090.12266667,0.4350238137642833,13.62547520042294,0.4629515703895905,0.8,0.543779767205354,6.032543879655716,stable_or_general,False,False,not_triggered,0.25,0.793779767205354,watch,stable,not_applicable,3,usable,12.335155089098333,9.226363837375665,11.252629372912,8.725530435198,weak_history,0.5113786649439942,0.5605743273234484,pe,"2024,2025",0.6392233311799927,0.7007179091543104,0.8230453490658676,priority_refine
9961,Trip.com Group Ltd.,325.6,211244580708.0,6.560984308849874,1.1987845002613138,20.0431517579795,12.21458179332,,,35603328537.1008,19.462330160959834,87.33605161616605,86.06849335612947,0.716992619926199,2705079.1666666665,Consumer Services,Other Consumer Services,HKEX:9961,HK,880773776.6666666,0.327342944267128,18.27141239530655,0.3590846819556883,0.8,0.4091786803339101,8.83962454641194,stable_or_general,False,False,not_triggered,0.25,0.6591786803339101,watch,stable,not_applicable,3,usable,14.197998453908331,8.426137344802,10.676868111070998,6.110561082619,weak_history,0.462106284216689,0.6145045757422717,pe,"2023,2024",0.5776328552708612,0.7681307196778395,0.8324066806946994,priority_refine
1368,Xtep International Holdings Limited,3.43,9711819320.0,6.988590057049715,0.7540533113492718,12.3640994800582,7.2998637428429,,,2719133236.62192,10.471950602549985,-4.978086279049862,-8.976261127596437,7.60719225449516,10454588.033333331,Consumer Non-Durables,Apparel/Footwear,HKEX:1368,HK,35859236.954333335,0.5652324351095255,10.789777411376752,0.6477047477996105,0.8,0.7065405438869068,12.733010367804289,stable_or_general,False,False,not_triggered,0.35,1.0565405438869069,watch,stable,not_applicable,3,usable,13.550969508523334,7.292255867440333,12.3640994800582,7.2998637428429,current_ttm,0.5157262034022,0.5652324351095255,pe,"2023,2024",0.64465775425275,0.7065405438869068,0.9086932885515362,priority_refine
TDC,Teradata Corporation,28.26,2628180083.4352207,5.95110240697454,4.451066617945391,119.115734720416,26.980854197349004,736000000.0,,99000000.0,0.9552238805970148,316.3636363636364,319.4594117127462,0.0,2723998.8666666667,Technology Services,Packaged Software,NYSE:TDC,US,76980207.972,0.0499606741371553,74.7939846023966,0.0795665913323175,1.0,0.0499606741371553,37.208980175498866,technology_strict,True,True,review_high_roa_supports_follow_up,0.1,0.1499606741371553,priority,technology,not_applicable,5,usable,55.155429569788,5.535333025136,21.7696793468,2.4797337592125,weak_history,0.10789694601951433,0.27336656237195855,pe,"2022,2023",0.10789694601951433,0.27336656237195855,0.29890523501335864,watch_refine
THC,Tenet Healthcare Corporation,263.01,21177300666.779915,10.142647245971052,4.545759365290938,53.3127155941477,7.54863157894737,3023000000.0,,13248000000.0,5.433101314771848,51.01078167115903,66.00366178428763,0.0,891187.2666666667,Health Services,Hospital/Nursing Management,NYSE:THC,US,234391163.006,0.1902481825008449,44.818273326982194,0.2263060687763002,1.0,0.1902481825008449,15.933238763958158,stable_or_general,True,True,review_possible_equity_or_leverage_distortion,0.0,0.1902481825008449,priority,stable,not_applicable,3,usable,62.906032921233326,6.0611615359,38.9861474957,3.5020273793000003,weak_history,0.16123488916668752,0.2601602850625274,pe,"2023,2025",0.16123488916668752,0.2601602850625274,0.31564385690939945,watch_refine
RCI,"Rogers Communication, Inc.",37.57,20309004525.194508,4.689620752104824,1.7410416165686615,44.4148457467871,7.3664978983569,1931776000.0,,32171392000.0,4.210328521979984,288.7464312871445,285.15341998222095,3.813882532418,1124621.1,Communications,Wireless Telecommunications,NYSE:RCI,US,42252014.727000006,0.1055867846269411,37.1254246046919,0.126318306175336,1.0,0.1055867846269411,16.412127565753167,stable_or_general,True,True,review_possible_equity_or_leverage_distortion,0.15,0.2555867846269412,priority,stable,not_applicable,3,usable,24.627400021066666,4.121853370133333,12.4543485931,1.912013188,weak_history,0.19042289271678084,0.3765448443207205,pe,"2023,2024",0.19042289271678084,0.3765448443207205,0.3927899660989477,watch_refine
WEN,Wendy's Company (The),7.815,1490085579.9098983,11.84270343991514,12.367267490623666,108.042253219344,2.57836586979172,264176000.0,,4072525000.0,-0.9757739349954369,-34.36476572791219,-31.124099780816188,7.10659898477157,9037676.233333332,Consumer Services,Restaurants,NASDAQ:WEN,US,70629439.76349999,0.1096117776799087,104.4294282413635,0.113403890448807,1.0,0.1096117776799087,3.343900067176364,stable_or_general,True,True,review_possible_equity_or_leverage_distortion,0.28,0.3896117776799088,watch,stable,not_applicable,3,usable,69.5529571292,3.6454528681,60.512163606,3.81600909665,weak_history,0.17026887035034904,0.19570781697749265,pe,"2023,2024",0.17026887035034904,0.19570781697749265,0.41426029099527806,watch_refine
SON,Sonoco Products Company,52.26,5167207365.109889,8.057230076625398,1.442838897346402,18.9251949473233,5.62248733433235,354831000.0,,4765630000.0,12.014490716462396,,,4.06149174416398,945966.9666666668,Process Industries,Containers/Packaging,NYSE:SON,US,49436233.678,0.4257409289073125,17.907381117639687,0.449939051595245,1.0,0.4257409289073125,5.378089010531262,cyclical,True,False,not_triggered,0.0,0.4257409289073125,priority,stable,not_applicable,3,usable,20.740769790999998,5.602622905733333,14.06907071565,4.16647873735,weak_history,0.38847304887023315,0.572690992850209,pe,"2023,2024",0.38847304887023315,0.572690992850209,0.5897929180592199,watch_refine
142,First Pacific Co. Ltd.,5.095,21434997417.0,4.876998181296066,0.6232385407288528,12.9873021805836,1.8786259502868905,12525644350.0,,102599108560.0,4.56744628688281,-19.723061457609433,-20.081089351285183,5.26315789473684,3048678.633333349,Miscellaneous,Miscellaneous,HKEX:142,HK,15533017.636833413,0.3755204979050477,12.77914236505265,0.3816373620371646,0.8,0.4694006223813097,1.6027948887040957,stable_or_general,True,False,not_triggered,0.35,0.8194006223813097,watch,stable,not_applicable,3,usable,15.339554673723333,2.089224035551333,12.9873021805836,1.8786259502868905,current_ttm,0.3179360995173065,0.37552049790504777,pe,"2023,2024",0.3974201243966331,0.4694006223813097,0.6170093982882052,watch_refine
603871,"Jiayou International Logistics Co., Ltd. Class A",13.99,18645958288.0,14.607914795865094,3.0570882272603113,21.797629798264,15.2314090766965,1092633730.0,,639535427.93,0.8074499308808205,21.672845967278036,22.79779458904987,2.93470286133529,11517821.93333333,Transportation,Air Freight/Couriers,SSE:603871,A,161134328.84733328,0.6701606977942387,20.927615405626877,0.6980209886663635,1.0,0.6701606977942387,3.9913256656299967,stable_or_general,True,False,not_triggered,0.0,0.6701606977942387,watch,stable,not_applicable,3,usable,22.126666666666665,16.774383797966664,21.22,16.08274968855,weak_history,0.6601950043325593,0.6884031477787509,pe,"2023,2025",0.6601950043325593,0.6884031477787509,0.6757094832279646,watch_refine
605117,"Ningbo Deye Technology Co., Ltd. Class A",86.42,109816170044.0,25.191663022882963,9.579911672371898,41.8470660899571,20.0431218379796,5497295390.0,,6684821507.4,44.70984142649557,34.47293187612156,33.544845842416684,1.98237449275362,14541218.033333322,Producer Manufacturing,Electrical Products,SSE:605117,A,1256652062.4406655,0.6019935296952329,38.02810343910182,0.6624485773587125,1.0,0.6019935296952329,9.125998564978966,cyclical,True,True,review_high_roa_supports_follow_up,0.0,0.6019935296952329,watch,stable,not_applicable,3,usable,36.83333333333333,19.821018093666666,35.629999999999995,18.315633960950002,weak_history,0.6839365526574561,0.7070351676363449,pe,"2023,2025",0.6839365526574561,0.7070351676363449,0.696640790895845,watch_refine
1929,Chow Tai Fook Jewellery Group Limited,12.08,118790625522.0,13.373187202479796,4.082184374155177,32.3792605592756,11.0904803518662,424900000.0,,28446300000.091103,5.289551173433863,52.21536641034534,52.58445945945947,5.56478405315615,16881350.7,Consumer Durables,Other Consumer Specialties,HKEX:1929,HK,203926716.456,0.4130170662173696,30.52514193025142,0.4381040138334796,0.8,0.516271332771712,5.726253771700285,stable_or_general,True,False,not_triggered,0.0,0.516271332771712,priority,stable,not_applicable,3,usable,25.477737805475996,8.541590841550667,22.529344953613,7.2671460864165,weak_history,0.5248969631677999,0.5935897040066919,pe,"2024,2025",0.6561212039597498,0.7419871300083648,0.7033474632864881,watch_refine
001221,"Higold Group Co., Ltd. Class A",39.65,15837348390.0,21.71531847308177,5.216336539878333,28.9130706285155,20.4049243059037,374294390.0,,491309757.54,22.456694338563914,21.780908951567714,18.487994808565876,1.88916876574307,3557165.6,Consumer Durables,Home Furnishings,SZSE:001221,A,141041616.04,0.7510554223758249,24.021459995369103,0.9039966129147886,1.0,0.7510554223758249,16.91833667892073,stable_or_general,True,False,not_triggered,0.0,0.7510554223758249,watch,stable,not_applicable,3,usable,32.733333333333334,21.586289100566667,28.9130706285155,20.4049243059037,current_ttm,0.6634007680167546,0.751055422375825,pe,"2023,2025",0.6634007680167546,0.751055422375825,0.7116108279142435,watch_refine
601156,Eastern Air Logistics Co. Ltd. Class A,19.25,30290559620.0,10.846292540004509,1.529942768218837,14.7092498043495,8.37683617905617,5432959920.0,,9563089238.96,13.52122706481276,4.392516674651119,4.393859184753837,3.54821802935011,10065978.433333334,Transportation,Air Freight/Couriers,SSE:601156,A,193770084.84166667,0.7373790427297848,14.105674935245666,0.7689311280598858,1.0,0.7373790427297848,4.103369492884368,stable_or_general,True,False,not_triggered,0.0,0.7373790427297848,watch,stable,not_applicable,3,usable,15.92,10.729283450499999,14.7092498043495,8.37683617905617,current_ttm,0.6812997826635998,0.7373790427297848,pe,"2024,2025",0.6812997826635998,0.7373790427297848,0.7121433757000016,watch_refine
000333,Midea Group Co. Ltd. Class A,87.57,655876688688.9166,15.0259956416548,3.1321310795247257,20.690326160494,6.92787999351494,54879532000.0,,131260261000.0,5.398082370725765,1.1973150206955316,1.6340553172194765,4.92836676217765,26437639.500000004,Consumer Durables,Electronics/Appliances,SZSE:000333,A,2315144091.0150003,0.7262329034882667,20.8447490217679,0.7208527973142468,1.0,0.7262329034882667,0.7463529577834915,stable_or_general,True,False,not_triggered,0.0,0.7262329034882667,watch,stable,not_applicable,3,usable,21.07333333333333,7.2921850605,20.494999999999997,7.22425654395,weak_history,0.7130336432294275,0.7331542152551745,pe,"2024,2025",0.7130336432294275,0.7331542152551745,0.7240999578435885,watch_refine
2600,Aluminum Corporation of China Limited Class H,8.76,185793625631.0,7.629332868838181,1.5380644617564485,22.3208309457286,7.392144248478881,37411261710.0,,73748649622.6418,6.65243949510868,46.957687110846166,46.753578732106355,3.46803652968037,37483800.93333333,Distribution Services,Wholesale Distributors,HKEX:2600,HK,328358096.17599994,0.3418032638385337,20.159881449643315,0.3784413558132885,0.8,0.4272540797981672,9.68131294636596,stable_or_general,True,False,not_triggered,0.0,0.4272540797981672,priority,stable,not_applicable,3,usable,16.130327071857998,4.896571327935,14.6414248046535,4.445261253702499,weak_history,0.47298066771062586,0.5210785815334954,pe,"2023,2025",0.5912258346382823,0.6513482269168692,0.7242931503915051,watch_refine
600741,Huayu Automotive Systems Company Limited Class A,15.58,49024860684.0,7.04658525554048,0.7382028503727261,10.7866046922559,3.54546107363905,7340110210.0,,29301028738.59,3.9862987316261895,3.8611014011641305,3.861330326944749,6.43086816720257,14302097.299999982,Producer Manufacturing,Auto Parts: OEM,SSE:600741,A,222826675.93399972,0.6532718549145945,10.476036599320263,0.6726384724541431,1.0,0.6532718549145945,2.8792015819268935,cyclical,True,False,not_triggered,0.1,0.7532718549145945,watch,stable,not_applicable,3,usable,11.793333333333333,4.4016758174,10.7866046922559,3.54546107363905,current_ttm,0.5975058159022454,0.6532718549145945,pe,"2024,2025",0.5975058159022454,0.6532718549145945,0.7281771373590374,watch_refine
002043,"Dehua TB New Decoration Material Co., Ltd. Class A",12.73,9714891120.0,15.265619378822402,3.165997239389682,21.3995339759719,11.6527759847516,864199750.0,,62661349.09,6.7916460426424745,11.951226743418204,11.260840560373572,6.13672496025437,13703817.299999952,Non-Energy Minerals,Forest Products,SZSE:002043,A,174449594.2289994,0.7133622347086223,20.7393958988771,0.7360686614622625,1.0,0.7133622347086223,3.0848245472823166,cyclical,True,False,not_triggered,0.0,0.7133622347086223,watch,stable,not_applicable,3,usable,21.496666666666666,11.239731919533332,20.35,10.75372250735,weak_history,0.7101389073727277,0.7501532864286192,pe,"2024,2025",0.7101389073727277,0.7501532864286192,0.7321468158534681,watch_refine
603993,CMOC Group Limited Class A,18.48,381286346771.25433,14.142496364888652,4.387464387464388,34.2453311488368,13.6036308848791,17682221110.0,,47254665612.850006,20.610659510924727,65.73107931035365,66.45859872611464,1.5368081676518,230939067.66666716,Distribution Services,Wholesale Distributors,SSE:603993,A,4267753970.480009,0.41297589745658,31.02326685660019,0.4558674117158567,1.0,0.41297589745658,9.408769558200202,stable_or_general,True,False,not_triggered,0.0,0.41297589745658,priority,stable,not_applicable,3,usable,20.856666666666666,9.001133362733333,17.98,7.0282551999,weak_history,0.6780803754941019,0.7865682071684456,pe,"2023,2024",0.6780803754941019,0.7865682071684456,0.737748682914991,watch_refine
T,AT&T Inc.,26.1169,178963076839.033,8.636826614636728,1.6266353923633734,20.0485823953717,5.18654434250765,17654000000.0,,162888000000.0,2.625338753387534,68.98957435133653,72.38057234066811,4.23825887743414,39118540.33333329,Communications,Wireless Telecommunications,NYSE:T,US,1021655006.0316324,0.4307948783765667,18.83371595774232,0.4585832468757303,1.0,0.4307948783765667,6.059612663236669,stable_or_general,True,False,not_triggered,0.0,0.4307948783765667,priority,stable,not_applicable,3,usable,15.105656089566665,3.8912970958666664,12.443272761900001,3.1433028763,weak_history,0.5717611048090856,0.6940960613739648,pe,"2023,2024",0.5717611048090856,0.6940960613739648,0.7390453309197692,watch_refine
3993,CMOC Group Limited Class H,16.45,444589867759.0,11.227902532250358,3.379273651320587,34.015594962731,13.505755792798302,20194215790.0,,54613353740.2732,25.055798742078945,72.20866524162804,72.97520661157026,1.96407942238267,38680777.666666985,Distribution Services,Wholesale Distributors,HKEX:3993,HK,636298792.6166719,0.3300810273802986,30.09710532857017,0.3730558939032615,0.8,0.4126012842253732,11.519685716078476,stable_or_general,True,False,not_triggered,0.0,0.4126012842253732,priority,stable,not_applicable,3,usable,20.689443219792665,7.908808634320667,17.7805669298735,6.383562991645,weak_history,0.5426875152207636,0.631470446163678,pe,"2023,2024",0.6783593940259545,0.7893380577045974,0.7393976590492082,watch_refine
BCE,"BCE, Inc.",23.65,22054236822.54645,4.996244683066124,1.5171951417238092,30.6217357086642,8.43759857007675,1870528000.0,,29410304000.0,-2.62492472532413,922.1612098541508,1313.2884286959738,5.33049040511727,3282888.2666666666,Communications,Major Telecommunications,NYSE:BCE,US,77640307.50666666,0.163160074614989,30.366710158653163,0.1645303247194993,1.0,0.163160074614989,0.8328252599309027,stable_or_general,True,False,not_triggered,0.2299999999999999,0.393160074614989,priority,stable,not_applicable,3,usable,14.9146515344,4.0285446829,6.258635155,1.8384564646500001,weak_history,0.33498903219713183,0.7982962034581361,pe,"2023,2024",0.33498903219713183,0.7982962034581361,0.7398079763906843,watch_refine
000895,"Henan Shuanghui Investment & Development Co., Ltd. Class A",24.17,82006439039.0,16.46121364843697,4.0068167275066235,24.3735690015023,12.8397078040727,5417263110.0,,12605102324.17,-2.3204729386578964,1.4190601379217611,1.4229467431097569,5.91465990705534,13023194.266666632,Consumer Non-Durables,Food: Meat/Fish/Dairy,SZSE:000895,A,314770605.42533255,0.675371491447246,24.34095573437308,0.6762763889830038,1.0,0.675371491447246,0.133805874417503,stable_or_general,True,False,not_triggered,0.08,0.7553714914472459,watch,stable,not_applicable,3,usable,23.91333333333333,13.693239400766664,23.82,13.8147191755,weak_history,0.6883696814233471,0.6910669037966822,pe,"2023,2024",0.6883696814233471,0.6910669037966822,0.7398531537286815,watch_refine
603558,ZheJiang Jasan Holding Group Co Ltd,12.24,4114207322.999999,9.419732184084962,1.775353910420051,18.7813315719964,11.3923807207472,20872250.0,,1350153235.2900002,2.611292620424855,45.48575442745384,53.23113207547172,5.33661740558292,4089800.633333334,Consumer Non-Durables,Apparel/Footwear,SSE:603558,A,50059159.752,0.501547621795363,18.84718032025992,0.499795302216064,1.0,0.501547621795363,0.3506074529971315,stable_or_general,True,False,not_triggered,0.0,0.501547621795363,priority,stable,not_applicable,3,usable,13.523333333333333,8.845483258066666,12.05,8.0617399918,weak_history,0.6965540190351217,0.7817205132020715,pe,"2023,2024",0.6965540190351217,0.7817205132020715,0.7433955908269441,watch_refine
1415,Cowell e Holdings Inc.,24.3,21315927124.0,12.59458899139629,3.3349573523457923,31.1822474804944,14.8003619513146,1874256690.0,,1380287062.55,14.86102949911034,29.067418969752698,27.269129287598943,1.42857142857143,3262669.6333333333,Consumer Durables,Electronics/Appliances,HKEX:1415,HK,79282872.09,0.4039025409978755,26.479286895538976,0.4756392814157744,0.8,0.5048781762473443,15.082173239428286,stable_or_general,True,False,not_triggered,0.0,0.5048781762473443,priority,stable,not_applicable,3,usable,23.168647401364332,9.695190022788,18.9076198759275,7.949110546797,weak_history,0.5436048455144011,0.6661118149213093,pe,"2023,2024",0.6795060568930014,0.8326397686516366,0.7637295983602508,watch_refine
300750,"Contemporary Amperex Technology Co., Limited Class A",351.0,1657377568455.573,18.78522229179712,4.2546429245469986,25.2122433470305,8.45905483024545,90573139000.0,,301979824000.0,39.451369595240266,45.63589273448888,40.85015604034433,1.02689556509299,26290394.66666664,Producer Manufacturing,Electrical Products,SZSE:300750,A,9227928527.99999,0.745083332459967,22.648882501671856,0.8294105587951399,1.0,0.745083332459967,10.167127177362255,cyclical,True,False,not_triggered,0.0,0.745083332459967,watch,stable,not_applicable,3,usable,24.36,7.665350136433333,24.085,7.13884644785,weak_history,0.7711503403857602,0.7799552539670799,pe,"2023,2024",0.7711503403857602,0.7799552539670799,0.7759930428554861,watch_refine
600233,"YTO Express Group Co.,Ltd. Class A",16.98,58098037842.0,10.262299045086426,1.564656816761916,16.3260892564876,10.7142207875783,1643728350.0,,8340955949.940001,8.203739987627866,46.98468138988902,46.775481238357145,1.46972369194591,22027971.366666667,Transportation,Air Freight/Couriers,SSE:600233,A,374034953.806,0.6285828090158476,15.246649994194737,0.6730855006833544,1.0,0.6285828090158476,6.611744217090565,stable_or_general,True,False,not_triggered,0.0,0.6285828090158476,watch,stable,not_applicable,3,usable,13.213333333333331,8.703183405566666,13.135,8.5138923363,weak_history,0.7766623898904965,0.7812941792985478,pe,"2024,2025",0.7766623898904965,0.7812941792985478,0.7792098740649247,watch_refine
002690,"Hefei Meyer Optoelectronic Technology, Inc. Class A",16.04,14186607343.0,19.34627909781691,5.498366601193598,28.7761430138752,22.7752861467734,789245070.0,,30110984.86,1.9462905769239385,7.542915896004794,7.46597537265068,4.37773608505316,6058395.966666668,Electronic Technology,Electronic Components,SZSE:002690,A,97176671.30533336,0.6723027157770441,28.42079644045893,0.6807085486976775,1.0,0.6723027157770441,1.2348651910887964,technology_strict,True,False,not_triggered,0.0,0.6723027157770441,watch,technology,not_applicable,5,usable,26.1518,20.41160743857,23.54235294117647,18.471363360394122,weak_history,0.7397685473970017,0.8217648909671867,pe,"2021,2024",0.7397685473970017,0.8217648909671867,0.7848665363606036,watch_refine
603365,"Shanghai Shuixing Home Textile Co., Ltd. Class A",16.9,4365815871.0,10.368098159509202,1.3920395108587318,13.8596418433453,11.1562126030897,261819290.00000003,,65964200.059999995,6.356444342559793,14.972457253870818,16.520122953749365,5.91715976331361,2154486.8333333335,Consumer Durables,Home Furnishings,SSE:603365,A,36410827.483333334,0.7480783613818592,13.426179897631554,0.7722299446723625,1.0,0.7480783613818592,3.1275118838793747,stable_or_general,True,False,not_triggered,0.0,0.7480783613818592,watch,stable,not_applicable,3,usable,13.033333333333331,10.2643570257,12.865,10.1189717742,weak_history,0.795506252647765,0.8059151309373651,pe,"2024,2025",0.795506252647765,0.8059151309373651,0.8012311357070451,watch_refine
MSFT,Microsoft Corporation,504.73,3747895498993.364,28.125870696668787,8.47364294624165,34.0386274504814,19.4207984875622,66987000000.0,,128813000000.0,17.78868679984666,31.34279990572708,31.54908515130189,0.713557594291539,31253108.866666667,Technology Services,Packaged Software,NASDAQ:MSFT,US,15774381638.272669,0.8262927386712536,30.127575560692826,0.933559045931474,1.0,0.8262927386712536,11.49003994205784,technology_strict,True,True,not_triggered,0.0,0.8262927386712536,watch,technology,not_applicable,5,usable,36.395016046900004,19.048131368980002,33.725053655051724,18.834861641848274,weak_history,0.7727945678173275,0.8339755655942678,pe,"2025,2026",0.7727945678173275,0.8339755655942678,0.8064441165946447,watch_refine
603889,Zhejiang Xinao Textiles Inc Class A,6.23,11648797388.0,10.968309859154932,1.5646347343888132,14.7445826532522,7.77351125809824,173144260.0,,2426558041.85,15.4090236012411,23.599298897718366,22.78426286208386,3.34033870967742,11823353.8,Process Industries,Textiles,SSE:603889,A,73659494.17400001,0.7438874410416534,14.26504862171502,0.768893969450506,1.0,0.7438874410416534,3.252272667286449,cyclical,True,False,not_triggered,0.0,0.7438874410416534,watch,stable,not_applicable,3,usable,13.333333333333332,8.298436946299999,13.2,8.17158231955,weak_history,0.82262323943662,0.8309325650874949,pe,"2023,2024",0.82262323943662,0.8309325650874949,0.8271933685446012,watch_refine
603025,"Beijing Dahao Technology Corp., Ltd. Class A",13.43,15017990295.0,17.659434582511505,5.393769252703913,32.6799847893319,17.5797706487175,532085510.0,,1202781852.13,23.86592121435898,27.49911599789346,27.51509054325954,3.33333333333333,10889618.099999996,Electronic Technology,Computer Peripherals,SSE:603025,A,146247571.08299994,0.5403746267432865,30.54327264840898,0.5781775511024486,1.0,0.5403746267432865,6.538289888128801,technology_strict,True,False,not_triggered,0.0,0.5403746267432865,priority,technology,not_applicable,5,usable,24.445,15.31243431535,19.042142857142856,13.889812010428571,weak_history,0.7224149962164658,0.9273869393269105,pe,"2021,2023",0.7224149962164658,0.9273869393269105,0.8351495649272104,watch_refine
600690,"Haier Smart Home Co., Ltd. Class A",22.0,187503359078.48425,11.354252683732453,1.7238528738586332,15.2072781275765,5.81346498060283,15941610790.0,,72998167499.11,-2.8954969337870984,-12.37030990483521,-10.676747187903375,5.31947754353804,40245638.33333328,Consumer Durables,Electronics/Appliances,SSE:600690,A,885404043.3333321,0.7466328022989817,15.182442401765853,0.7478541583277702,1.0,0.7466328022989817,0.1633147339207941,stable_or_general,True,False,not_triggered,0.18,0.9266328022989816,watch,stable,not_applicable,3,usable,17.276666666666664,6.9474389316666665,15.2072781275765,5.81346498060283,current_ttm,0.6572015830831056,0.7466328022989817,pe,"2023,2025",0.6572015830831056,0.7466328022989817,0.8363887536518374,watch_refine
9981,"Shenzhen Woer Heat-Shrinkable Material Co., Ltd. Class H",9.9,13573015857.05,10.664655822471184,1.293309539921461,15.0743783127858,8.47368396246638,215879340.0,,3897650979.35573,22.24713132404601,21.068444607753538,8.712964047312335,1.92010152284264,1516760.0,Producer Manufacturing,Electrical Products,HKEX:9981,HK,15015924.0,0.7074690313049677,12.127063089990829,0.8794096100046965,0.8,0.8843362891312097,19.5518193960617,cyclical,True,False,not_triggered,0.0,0.8843362891312097,watch,stable,not_applicable,3,usable,16.797381695486,9.031333334817667,15.0743783127858,8.47368396246638,current_ttm,0.6348998918883365,0.7074690313049677,pe,"2023,2024",0.7936248648604206,0.8843362891312097,0.8435161482093546,watch_refine
601168,"Western Mining Co., Ltd. Class A",38.79,95320000000.0,15.554575346860217,4.122972791993418,30.460052959274105,9.75410895926303,2120189210.0,,27382869773.0,22.663573583015783,86.86095948710813,86.85748538888055,0.25,69539070.23333333,Non-Energy Minerals,Other Metals/Minerals,SSE:601168,A,2697420534.351,0.5106549016069373,26.506495356208266,0.5868212729683661,1.0,0.5106549016069373,12.9794836809767,cyclical,True,False,not_triggered,0.0,0.5106549016069373,priority,stable,not_applicable,3,usable,18.816666666666666,9.556929351666666,17.975,8.9556222243,weak_history,0.826638193810109,0.865344942801681,pe,"2023,2024",0.826638193810109,0.865344942801681,0.8479269057554736,watch_refine
6690,"Haier Smart Home Co., Ltd. Class H",21.62,218633828153.0,9.953042997882331,1.4658143880326628,15.1372927277349,5.78729124627148,17950448640.0,,84365738119.5501,0.5890393739793509,-8.946596767986561,-7.186805674243706,6.23286591123702,13082725.9,Consumer Durables,Electronics/Appliances,HKEX:6690,HK,282848533.958,0.6575180368710274,14.727298860705597,0.6758227080213861,0.8,0.8218975460887842,2.708501938910801,stable_or_general,True,False,not_triggered,0.1,0.9218975460887842,watch,stable,not_applicable,3,usable,17.149037989723666,6.785316148256666,15.1372927277349,5.78729124627148,current_ttm,0.5803849174423988,0.6575180368710274,pe,"2023,2025",0.7254811468029985,0.8218975460887842,0.8585101664101805,watch_refine
168,"Tsingtao Brewery Co., Ltd. Class H",40.5,67118861413.00001,10.5934974235568,1.5248304520312812,15.1042625827292,8.50331182366777,3996805020.0,,381892773.60412097,1.0755101175886923,5.030766113743941,5.035990988515853,6.82162708438605,3749097.433333333,Consumer Non-Durables,Beverages: Alcoholic,HKEX:168,HK,151838446.04999998,0.7013581342044342,14.394022965829114,0.7359650216416478,0.8,0.8766976677555427,4.702246223607109,stable_or_general,True,False,not_triggered,0.0,0.8766976677555427,watch,stable,not_applicable,3,usable,15.622651025084,8.688597352937666,15.1042625827292,8.50331182366777,current_ttm,0.6780857747220812,0.7013581342044342,pe,"2024,2025",0.8476072184026014,0.8766976677555427,0.8636069655467191,watch_refine
2507,Cirrus Aircraft Limited,45.94,16740328329.0,13.281295172015032,2.309291202424906,18.5600255280569,10.6442541410917,1269759400.0,,216056319.55,14.044373337919208,8.271381217035776,8.269688243395525,2.04897245299519,887519.1333333333,Electronic Technology,Aerospace & Defense,HKEX:2507,HK,40772628.98533333,0.7155860401128169,17.38754520937691,0.7638395766673595,0.8,0.8944825501410211,6.317234407396544,technology_strict,True,False,not_triggered,0.0,0.8944825501410211,watch,technology,not_applicable,5,usable,20.40597952851964,9.84609180710342,17.732467464222275,9.980513829213447,weak_history,0.6508531067304529,0.7489817871546584,pe,"2024,2025",0.8135663834130661,0.9362272339433229,0.8810298512047073,watch_refine
600660,"Fuyao Glass Industry Group Co., Ltd. Class A",57.33,143140757750.04837,17.647602043957395,3.920458392058148,22.9745881941693,12.02540346653,5651152090.0,,25356283157.0,9.329304211028434,-3.704985373058366,-3.702386245738841,3.6835642869672,11938884.766666662,Consumer Durables,Home Furnishings,SSE:600660,A,684456263.6729997,0.7681357286933292,22.215247047688997,0.7943914378297781,1.0,0.7681357286933292,3.305134960691114,stable_or_general,True,False,not_triggered,0.1,0.8681357286933292,watch,stable,not_applicable,3,usable,22.416666666666664,12.326147025633333,20.845,11.5007428236,weak_history,0.7872536227787686,0.8466107960641591,pe,"2023,2024",0.7872536227787686,0.8466107960641591,0.8999000680857334,watch_refine
002818,Chengdu Fusen Noble-House Industrial Co. Ltd. Class A,11.03,8173171500.0,9.587136027813992,1.3802700223621265,14.8434521749541,12.1405883662462,860467230.0,,0.0,-21.636310728010145,28.776938788109536,28.77770315648087,6.13553113553114,3995066.933333333,Retail Trade,Specialty Stores,SZSE:002818,A,44065588.27466666,0.6458831756126595,14.39710481167386,0.6659072190708986,1.0,0.6458831756126595,3.0070320436197395,stable_or_general,True,False,not_triggered,0.08,0.7258831756126595,watch,stable,not_applicable,3,usable,11.749999999999998,9.976005782933333,10.815,9.119477722100001,weak_history,0.8159264704522547,0.8864665767742943,pe,"2024,2025",0.8159264704522547,0.8864665767742943,0.9047235289293766,watch_refine
921,Hisense Home Appliances Group Co. Ltd. Class H,22.56,39766357655.0,10.020876826722338,1.5484944392164453,16.43522103119,3.5926252037109,3271636320.0,,25187690662.417,-5.250751782642988,-15.66582501309435,-16.027601641178663,6.55892025089606,675889.5333333333,Consumer Durables,Electronics/Appliances,HKEX:921,HK,15248067.872,0.6097196263868422,15.452684091347445,0.6484877816361634,0.8,0.7621495329835527,5.97823989089007,stable_or_general,True,False,not_triggered,0.28,1.0421495329835526,watch,stable,not_applicable,3,usable,21.675535465887332,4.725310606422666,16.43522103119,3.5926252037109,current_ttm,0.46231276927359233,0.6097196263868422,pe,"2023,2025",0.5778909615919904,0.7621495329835527,0.9092331758573498,watch_refine
6198,Qingdao Port International Co Ltd Class H,7.27,66018739396.00001,8.124720607957084,0.8650755780953819,11.3017477233974,7.48210377733743,2964039650.0,,5901739023.68541,6.41820532031227,-0.982918474167119,-0.9738822487826384,5.34629120879121,2488184.0,Transportation,Other Transportation,HKEX:6198,HK,18089097.68,0.7188906359267702,10.647450168909876,0.7630672582700542,0.8,0.8986132949084626,5.789348430888863,stable_or_general,True,False,not_triggered,0.1,0.9986132949084626,watch,stable,not_applicable,3,usable,12.426636685051331,8.342927969462998,11.3017477233974,7.48210377733743,current_ttm,0.6538149310932013,0.7188906359267702,pe,"2024,2025",0.8172686638665017,0.8986132949084626,0.9420082109395802,watch_refine
META,"Meta Platforms, Inc.",607.6954,1548107740517.745,22.890698629259784,5.927577852598936,29.8484958064042,18.2887068618236,40976000000.0,,112318000000.0,27.65206594930762,-4.767365432754835,-3.857269092594742,0.343878954607978,16646986.033333331,Technology Services,Internet Software/Services,NASDAQ:META,US,10116296836.320911,0.7668962207585827,25.895137359512805,0.8839767216315106,1.0,0.7668962207585827,13.244749325167582,technology_strict,True,False,not_triggered,0.1,0.8668962207585826,watch,technology,not_applicable,5,usable,29.944181721058,19.978498264791998,23.87286699200625,16.36165914955,weak_history,0.7644456222746634,0.9588583824860524,pe,"2022,2023",0.7644456222746634,0.9588583824860524,0.9513726403909274,watch_refine
300442,Range Intelligent Computing Technology Group Company Limited Class A,62.93,100605123538.0,19.77686989314896,7.058271962744707,42.6844568439368,12.7038761913272,-7251297620.0,,27359621829.3,10.963029582499512,214.8584872418882,220.24959742351044,1.0018630647415,29664302.83333334,Technology Services,Data Processing Services,SZSE:300442,A,1866774577.301667,0.4633272004715273,35.68953024861538,0.5541364583781887,1.0,0.4633272004715273,16.387526309392484,technology_strict,False,True,review_high_roa_supports_follow_up,0.25,0.7133272004715273,watch,technology,not_applicable,5,usable,31.6672,10.28807530977,20.802857142857142,7.6371627789,weak_history,0.6245222151989743,0.9506804645793346,pe,"2023,2024",0.6245222151989743,0.9506804645793346,0.9539092523581726,watch_refine
002758,"ZJAMP Group Co., Ltd. Class A",8.88,4586214093.0,7.596885961160066,0.8730490352709844,12.1843945544893,2.5857623415134,21351970.0,,10037275477.0,23.80296546416023,46.58411767215668,49.22762670751948,3.73303167420814,10950117.766666668,Retail Trade,Specialty Stores,SZSE:002758,A,97237045.76800002,0.6234931023602661,11.492196141083936,0.6610473636106537,1.0,0.6234931023602661,5.681024283232217,stable_or_general,True,False,not_triggered,0.1,0.7234931023602661,watch,stable,not_applicable,3,usable,9.346666666666666,4.3994629053,8.475,3.9999445859,weak_history,0.8127909373566404,0.8963877240306862,pe,"2023,2024",0.8127909373566404,0.8963877240306862,0.9587691700273656,watch_refine
688330,Shanghai Holystar Information Technology Co. Ltd. Class A,36.78,5126799850.0,6.148753698781283,1.1057729888340375,19.6600008354715,17.2006876447746,708389560.0,,173673077.46,-26.799418078299393,268.41837862336365,268.99019184504346,1.25614418350628,1500518.8666666665,Electronic Technology,Electronic Equipment/Instruments,SSE:688330,A,55189083.91599999,0.3127544983460739,17.983693005189135,0.3419071765185871,1.0,0.3127544983460739,8.52648911010162,technology_strict,True,False,not_triggered,0.08,0.3927544983460739,watch,technology,not_applicable,5,usable,10.3294,9.160259947496,5.7714285714285705,4.990380101071428,weak_history,0.5952672661317485,1.06537811612547,pe,"2023,2024",0.5952672661317485,1.06537811612547,1.0038282336282953,watch_refine
576,Zhejiang Expressway Co. Ltd. Class H,6.15,36772118929.0,6.345439537763104,0.6247828498631574,10.6114435683766,1.7202080651227205,,,137433054236.67702,21.405742195705873,-3.333662402974825,-3.40841140123581,7.35024630541872,8107673.99999999,Transportation,Other Transportation,HKEX:576,HK,49862195.09999994,0.5979808022231103,9.84617135101418,0.6444575573133317,0.8,0.7474760027788879,7.211763530864235,stable_or_general,False,False,not_triggered,0.4499999999999999,1.1974760027788878,watch,stable,not_applicable,3,usable,12.943930717716999,2.4419846731083332,10.6114435683766,1.7202080651227205,current_ttm,0.49022508511095375,0.5979808022231103,pe,"2024,2025",0.6127813563886921,0.7474760027788879,1.0168634119032998,watch_refine
